# MagicaVoxel @ Ephtracy

# group
o 

# material
mtllib Mountain Village.mtl
usemtl palette

# normals
vn -1 0 0
vn 1 0 0
vn 0 0 1
vn 0 0 -1
vn 0 -1 0
vn 0 1 0

# texcoords
vt 0.173828 0.5
vt 0.306641 0.5
vt 0.333984 0.5
vt 0.560547 0.5
vt 0.939453 0.5
vt 0.974609 0.5

# verts
v -2 0 2
v -2 0 -0.6
v -2 0 -2
v -2 0.1 -0.6
v -2 0.1 -1.3
v -2 0.1 -2
v -2 0.2 -0.5
v -2 0.2 -0.6
v -2 0.3 -0.4
v -2 0.3 -0.5
v -2 0.3 -1.5
v -2 0.3 -1.6
v -2 0.3 -1.7
v -2 0.3 -1.8
v -2 0.4 -0.3
v -2 0.4 -0.4
v -2 0.4 -1.5
v -2 0.4 -1.6
v -2 0.4 -1.7
v -2 0.4 -1.8
v -2 0.5 -0.2
v -2 0.5 -0.3
v -2 0.5 -1.5
v -2 0.5 -1.6
v -2 0.5 -1.7
v -2 0.5 -1.8
v -2 0.6 2
v -2 0.6 -0.1
v -2 0.6 -0.2
v -2 0.6 -1.5
v -2 0.6 -1.6
v -2 0.6 -1.7
v -2 0.6 -1.8
v -2 0.7 2
v -2 0.7 -0.1
v -2 0.7 -1.3
v -2 0.7 -2
v -2 0.8 -1.3
v -2 0.8 -1.4
v -2 0.8 -1.9
v -2 0.8 -2
v -2 0.9 -1.4
v -2 0.9 -1.5
v -2 0.9 -1.8
v -2 0.9 -1.9
v -2 1 -1.5
v -2 1 -1.6
v -2 1 -1.7
v -2 1 -1.8
v -2 1.1 -1.6
v -2 1.1 -1.7
v -1.8 0.3 -1.3
v -1.8 0.3 -1.4
v -1.8 0.3 -1.9
v -1.8 0.3 -2
v -1.8 0.4 -1.3
v -1.8 0.4 -1.4
v -1.8 0.4 -1.9
v -1.8 0.4 -2
v -1.8 0.5 -1.3
v -1.8 0.5 -1.4
v -1.8 0.5 -1.9
v -1.8 0.5 -2
v -1.8 0.6 -1.3
v -1.8 0.6 -1.4
v -1.8 0.6 -1.9
v -1.8 0.6 -2
v -1.7 0.2 -0.5
v -1.7 0.2 -0.6
v -1.7 0.3 -0.4
v -1.7 0.3 -0.5
v -1.7 0.4 -0.3
v -1.7 0.4 -0.4
v -1.7 0.5 -0.2
v -1.7 0.5 -0.3
v -1.7 0.6 -0.1
v -1.7 0.6 -0.2
v -1.7 0.6 -0.6
v -1.7 0.7 -0.1
v -1.7 0.7 -0.6
v -1.6 0.1 -1.4
v -1.6 0.1 -1.5
v -1.6 0.1 -1.8
v -1.6 0.1 -1.9
v -1.6 0.3 -1.3
v -1.6 0.3 -1.4
v -1.6 0.3 -1.9
v -1.6 0.3 -2
v -1.6 0.4 -1.3
v -1.6 0.4 -1.4
v -1.6 0.4 -1.9
v -1.6 0.4 -2
v -1.6 0.5 -1.3
v -1.6 0.5 -1.4
v -1.6 0.5 -1.5
v -1.6 0.5 -1.8
v -1.6 0.5 -1.9
v -1.6 0.5 -2
v -1.6 0.6 -1.3
v -1.6 0.6 -2
v -1.6 0.7 1.5
v -1.6 0.7 1.3
v -1.6 0.7 1
v -1.6 0.7 0.7
v -1.6 0.7 0.4
v -1.6 0.7 0.2
v -1.6 1.1 1.3
v -1.6 1.1 1
v -1.6 1.1 0.7
v -1.6 1.1 0.4
v -1.6 1.3 1.5
v -1.6 1.3 0.2
v -1.6 1.4 1.5
v -1.6 1.4 1.4
v -1.6 1.4 0.9
v -1.6 1.4 0.8
v -1.6 1.4 0.3
v -1.6 1.4 0.2
v -1.6 1.5 1.4
v -1.6 1.5 1.3
v -1.6 1.5 1
v -1.6 1.5 0.9
v -1.6 1.5 0.8
v -1.6 1.5 0.7
v -1.6 1.5 0.4
v -1.6 1.5 0.3
v -1.6 1.6 1.3
v -1.6 1.6 1.2
v -1.6 1.6 1.1
v -1.6 1.6 1
v -1.6 1.6 0.7
v -1.6 1.6 0.6
v -1.6 1.6 0.5
v -1.6 1.6 0.4
v -1.6 1.7 1.2
v -1.6 1.7 1.1
v -1.6 1.7 0.6
v -1.6 1.7 0.5
v -1.5 0.6 1.5
v -1.5 0.6 1.4
v -1.5 0.6 1
v -1.5 0.6 0.9
v -1.5 0.7 1.5
v -1.5 0.7 1.4
v -1.5 0.7 1
v -1.5 0.7 0.9
v -1.4 0.9 1.5
v -1.4 0.9 1.4
v -1.4 0.9 0.3
v -1.4 0.9 0.2
v -1.4 1 1.5
v -1.4 1 1.4
v -1.4 1 0.3
v -1.4 1 0.2
v -1.4 1.1 1.5
v -1.4 1.1 1.4
v -1.4 1.1 0.3
v -1.4 1.1 0.2
v -1.4 1.2 1.5
v -1.4 1.2 1.4
v -1.4 1.2 0.3
v -1.4 1.2 0.2
v -1.2 0.6 1.5
v -1.2 0.6 1.4
v -1.2 0.6 0.9
v -1.2 0.6 0.8
v -1.2 0.7 1.5
v -1.2 0.7 1.4
v -1.2 0.7 0.9
v -1.2 0.7 0.8
v -1.2 0.7 0.3
v -1.2 0.9 1.5
v -1.2 0.9 1.4
v -1.2 0.9 0.3
v -1.2 0.9 0.2
v -1.2 1 1.5
v -1.2 1 1.4
v -1.2 1 0.3
v -1.2 1 0.2
v -1.2 1.1 1.5
v -1.2 1.1 1.4
v -1.2 1.1 0.3
v -1.2 1.1 0.2
v -1.2 1.2 1.5
v -1.2 1.2 0.9
v -1.2 1.2 0.8
v -1.2 1.2 0.2
v -1.1 0.1 -0.6
v -1.1 0.1 -0.9
v -1.1 0.2 -0.6
v -1.1 0.2 -0.9
v -1.1 0.7 1.7
v -1.1 0.7 1.5
v -1.1 0.7 0.2
v -1.1 0.7 -0.6
v -1.1 1.3 1.5
v -1.1 1.3 0.2
v -1.1 1.4 1.5
v -1.1 1.4 1.4
v -1.1 1.4 0.9
v -1.1 1.4 0.8
v -1.1 1.4 0.3
v -1.1 1.4 0.2
v -1.1 1.5 1.4
v -1.1 1.5 1.3
v -1.1 1.5 1
v -1.1 1.5 0.9
v -1.1 1.5 0.8
v -1.1 1.5 0.7
v -1.1 1.5 0.4
v -1.1 1.5 0.3
v -1.1 1.6 2
v -1.1 1.6 1.7
v -1.1 1.6 1.3
v -1.1 1.6 1.2
v -1.1 1.6 1.1
v -1.1 1.6 1
v -1.1 1.6 0.7
v -1.1 1.6 0.6
v -1.1 1.6 0.5
v -1.1 1.6 0.4
v -1.1 1.7 1.2
v -1.1 1.7 1.1
v -1.1 1.7 0.6
v -1.1 1.7 0.5
v -1.1 1.9 2
v -1.1 1.9 0.6
v -1.1 2 2
v -1.1 2 0.6
v -1.1 2.7 0.6
v -1.1 2.7 -0.6
v -1.1 2.8 0.6
v -1.1 2.8 0.5
v -1.1 2.8 -0.5
v -1.1 2.8 -0.6
v -1.1 2.9 0.5
v -1.1 2.9 0.4
v -1.1 2.9 -0.4
v -1.1 2.9 -0.5
v -1.1 3 0.4
v -1.1 3 0.3
v -1.1 3 -0.3
v -1.1 3 -0.4
v -1.1 3.1 0.3
v -1.1 3.1 -0.3
v -1.1 3.3 0.0999999
v -1.1 3.3 -0.1
v -1.1 3.5 0.0999999
v -1.1 3.5 -0.1
v -1.1 3.7 0.3
v -1.1 3.7 -0.3
v -1.1 3.8 0.3
v -1.1 3.8 -0.3
v -1 0.1 -0.9
v -1 0.1 -1.4
v -1 0.2 -0.6
v -1 0.2 -0.9
v -1 0.3 -0.6
v -1 0.3 -0.9
v -1 0.3 -1
v -1 0.3 -1.1
v -1 0.3 -1.2
v -1 0.3 -1.3
v -1 0.4 -1
v -1 0.4 -1.1
v -1 0.4 -1.2
v -1 0.4 -1.3
v -1 0.5 -1
v -1 0.5 -1.1
v -1 0.5 -1.2
v -1 0.5 -1.3
v -1 0.6 -1
v -1 0.6 -1.1
v -1 0.6 -1.2
v -1 0.6 -1.3
v -1 0.7 -0.9
v -1 0.7 -1.4
v -1 0.8 -0.9
v -1 0.8 -1.4
v -1 2.8 0.6
v -1 2.8 0.5
v -1 2.8 -0.5
v -1 2.8 -0.6
v -1 2.9 0.6
v -1 2.9 0.5
v -1 2.9 -0.5
v -1 2.9 -0.6
v -0.9 0.3 -0.6
v -0.9 0.3 -0.9
v -0.9 0.4 -0.6
v -0.9 0.4 -0.9
v -0.9 0.8 -0.9
v -0.9 0.8 -1.4
v -0.9 0.9 -0.9
v -0.9 0.9 -1.4
v -0.9 2.9 0.6
v -0.9 2.9 0.4
v -0.9 2.9 -0.4
v -0.9 2.9 -0.6
v -0.9 3 0.6
v -0.9 3 0.4
v -0.9 3 -0.4
v -0.9 3 -0.6
v -0.9 3.3 -0.2
v -0.9 3.3 -0.3
v -0.9 3.5 -0.2
v -0.9 3.5 -0.3
v -0.9 3.8 0.3
v -0.9 3.8 -0.3
v -0.9 3.9 0.3
v -0.9 3.9 -0.3
v -0.8 0.4 -0.6
v -0.8 0.4 -0.9
v -0.8 0.5 -0.6
v -0.8 0.5 -0.9
v -0.8 0.9 -0.9
v -0.8 0.9 -1.4
v -0.8 1 -0.9
v -0.8 1 -1.4
v -0.8 3 0.6
v -0.8 3 0.3
v -0.8 3 -0.3
v -0.8 3 -0.6
v -0.8 3.1 0.6
v -0.8 3.1 0.3
v -0.8 3.1 -0.3
v -0.8 3.1 -0.6
v -0.8 3.3 0.3
v -0.8 3.3 0.2
v -0.8 3.3 -0.4
v -0.8 3.3 -0.5
v -0.8 3.5 0.3
v -0.8 3.5 0.2
v -0.8 3.5 -0.4
v -0.8 3.5 -0.5
v -0.8 3.7 -0.3
v -0.8 3.7 -0.6
v -0.8 3.9 -0.3
v -0.8 3.9 -0.6
v -0.7 0.5 -0.6
v -0.7 0.5 -0.9
v -0.7 0.6 -0.6
v -0.7 0.6 -0.9
v -0.7 1 -0.9
v -0.7 1 -1.4
v -0.7 1.1 -0.9
v -0.7 1.1 -1.4
v -0.7 2 1.6
v -0.7 2 0.6
v -0.7 2.1 1.6
v -0.7 2.1 1.5
v -0.7 2.2 1.5
v -0.7 2.2 1.4
v -0.7 2.3 1.4
v -0.7 2.3 1.3
v -0.7 2.4 1.3
v -0.7 2.4 1.2
v -0.7 2.5 1.2
v -0.7 2.5 1.1
v -0.7 2.6 1.1
v -0.7 2.6 1
v -0.7 2.7 1
v -0.7 2.7 0.9
v -0.7 2.7 0.6
v -0.7 2.8 0.9
v -0.7 2.8 0.8
v -0.7 2.9 0.8
v -0.7 2.9 0.7
v -0.7 3 0.7
v -0.7 3 0.6
v -0.7 3.9 0.3
v -0.7 3.9 -0.6
v -0.7 4 0.3
v -0.7 4 -0.6
v -0.6 0.6 -0.6
v -0.6 0.6 -0.9
v -0.6 0.7 -0.6
v -0.6 0.7 -0.9
v -0.5 0.1 -1.3
v -0.5 0.1 -1.4
v -0.5 0.5 -1.3
v -0.5 0.5 -1.4
v -0.4 0.1 -1
v -0.4 0.1 -1.3
v -0.4 0.3 -1
v -0.4 0.3 -1.1
v -0.4 0.3 -1.2
v -0.4 0.3 -1.3
v -0.4 0.4 -1
v -0.4 0.4 -1.1
v -0.4 0.4 -1.2
v -0.4 0.4 -1.3
v -0.4 0.5 -1
v -0.4 0.5 -1.1
v -0.4 0.5 -1.2
v -0.4 0.5 -1.3
v -0.4 0.6 -1.1
v -0.4 0.6 -1.2
v -0.4 3.3 -0.5
v -0.4 3.3 -0.6
v -0.4 3.5 -0.5
v -0.4 3.5 -0.6
v -0.3 0.7 2
v -0.3 0.7 -0.6
v -0.3 0.8 0.0999999
v -0.3 0.8 -0.2
v -0.3 1.6 2
v -0.3 1.6 0.0999999
v -0.3 1.6 -0.2
v -0.3 1.6 -0.6
v -0.3 3.1 0.3
v -0.3 3.1 0.2
v -0.3 3.1 -0.2
v -0.3 3.1 -0.5
v -0.3 3.3 -0.4
v -0.3 3.3 -0.5
v -0.3 3.5 0.3
v -0.3 3.5 0.2
v -0.3 3.5 -0.4
v -0.3 3.5 -0.5
v -0.3 3.6 -0.2
v -0.3 3.6 -0.5
v -0.2 0.8 0.0999999
v -0.2 0.8 -0.2
v -0.2 0.9 0.0999999
v -0.2 0.9 -0.2
v -0.0999999 0.9 0.0999999
v -0.0999999 0.9 -0.2
v -0.0999999 1 0.0999999
v -0.0999999 1 -0.2
v 2.38419e-07 1 0.0999999
v 2.38419e-07 1 -0.2
v 2.38419e-07 1.1 0.0999999
v 2.38419e-07 1.1 -0.2
v 2.38419e-07 2 2
v 2.38419e-07 2 1.5
v 2.38419e-07 2.2 1.9
v 2.38419e-07 2.2 1.8
v 2.38419e-07 2.2 1.7
v 2.38419e-07 2.2 1.6
v 2.38419e-07 2.3 1.9
v 2.38419e-07 2.3 1.8
v 2.38419e-07 2.3 1.7
v 2.38419e-07 2.3 1.6
v 2.38419e-07 2.4 1.9
v 2.38419e-07 2.4 1.8
v 2.38419e-07 2.4 1.7
v 2.38419e-07 2.4 1.6
v 2.38419e-07 2.5 1.9
v 2.38419e-07 2.5 1.8
v 2.38419e-07 2.5 1.7
v 2.38419e-07 2.5 1.6
v 2.38419e-07 2.6 2
v 2.38419e-07 2.6 1.5
v 2.38419e-07 2.7 2
v 2.38419e-07 2.7 1.5
v 2.38419e-07 3.1 0.2
v 2.38419e-07 3.1 -0.2
v 2.38419e-07 3.3 0.3
v 2.38419e-07 3.3 0.2
v 2.38419e-07 3.3 0.0999999
v 2.38419e-07 3.3 -0.1
v 2.38419e-07 3.3 -0.2
v 2.38419e-07 3.3 -0.3
v 2.38419e-07 3.5 0.3
v 2.38419e-07 3.5 0.2
v 2.38419e-07 3.5 0.0999999
v 2.38419e-07 3.5 -0.1
v 2.38419e-07 3.5 -0.2
v 2.38419e-07 3.5 -0.3
v 2.38419e-07 3.6 0.2
v 2.38419e-07 3.6 -0.2
v 0.1 0.1 -0.6
v 0.1 0.1 -0.7
v 0.1 0.1 -1
v 0.1 0.1 -2
v 0.1 0.2 -1.7
v 0.1 0.2 -2
v 0.1 0.6 -0.7
v 0.1 0.6 -1
v 0.1 1 -0.6
v 0.1 1 -1.7
v 0.1 1.1 -0.6
v 0.1 1.1 -1
v 0.1 1.1 -1.7
v 0.1 1.3 -1.2
v 0.1 1.3 -1.3
v 0.1 1.3 -1.4
v 0.1 1.3 -1.5
v 0.1 1.4 -1.2
v 0.1 1.4 -1.3
v 0.1 1.4 -1.4
v 0.1 1.4 -1.5
v 0.1 1.5 -1.2
v 0.1 1.5 -1.3
v 0.1 1.5 -1.4
v 0.1 1.5 -1.5
v 0.1 1.6 -1.2
v 0.1 1.6 -1.3
v 0.1 1.6 -1.4
v 0.1 1.6 -1.5
v 0.1 1.7 -1
v 0.1 1.7 -1.7
v 0.1 1.8 -1
v 0.1 1.8 -1.1
v 0.1 1.8 -1.6
v 0.1 1.8 -1.7
v 0.1 1.9 -1.1
v 0.1 1.9 -1.2
v 0.1 1.9 -1.5
v 0.1 1.9 -1.6
v 0.1 2 -1.2
v 0.1 2 -1.3
v 0.1 2 -1.4
v 0.1 2 -1.5
v 0.1 2.1 -1.3
v 0.1 2.1 -1.4
v 0.1 2.7 2
v 0.1 2.7 1.5
v 0.1 2.8 2
v 0.1 2.8 1.5
v 0.2 0.2 -1.7
v 0.2 0.2 -2
v 0.2 0.3 -1.7
v 0.2 0.3 -2
v 0.2 2.8 2
v 0.2 2.8 1.5
v 0.2 2.9 2
v 0.2 2.9 1.5
v 0.3 0.3 -1.7
v 0.3 0.3 -2
v 0.3 0.4 -1.7
v 0.3 0.4 -2
v 0.3 1.3 -1
v 0.3 1.3 -1.1
v 0.3 1.3 -1.6
v 0.3 1.3 -1.7
v 0.3 1.4 -1
v 0.3 1.4 -1.1
v 0.3 1.4 -1.6
v 0.3 1.4 -1.7
v 0.3 1.5 -1
v 0.3 1.5 -1.1
v 0.3 1.5 -1.6
v 0.3 1.5 -1.7
v 0.3 1.6 -1
v 0.3 1.6 -1.1
v 0.3 1.6 -1.6
v 0.3 1.6 -1.7
v 0.3 2.2 2
v 0.3 2.2 1.9
v 0.3 2.3 2
v 0.3 2.3 1.9
v 0.3 2.4 2
v 0.3 2.4 1.9
v 0.3 2.5 2
v 0.3 2.5 1.9
v 0.3 2.9 2
v 0.3 2.9 1.5
v 0.3 3 2
v 0.3 3 1.5
v 0.4 0.4 -1.7
v 0.4 0.4 -2
v 0.4 0.5 -1.7
v 0.4 0.5 -2
v 0.5 0.5 -1.7
v 0.5 0.5 -2
v 0.5 0.6 -1.7
v 0.5 0.6 -2
v 0.5 1.1 -1.1
v 0.5 1.1 -1.2
v 0.5 1.1 -1.5
v 0.5 1.1 -1.6
v 0.5 1.3 -1
v 0.5 1.3 -1.1
v 0.5 1.3 -1.6
v 0.5 1.3 -1.7
v 0.5 1.4 -1
v 0.5 1.4 -1.1
v 0.5 1.4 -1.6
v 0.5 1.4 -1.7
v 0.5 1.5 -1
v 0.5 1.5 -1.1
v 0.5 1.5 -1.2
v 0.5 1.5 -1.5
v 0.5 1.5 -1.6
v 0.5 1.5 -1.7
v 0.5 1.6 -1
v 0.5 1.6 -1.7
v 0.5 2 1.6
v 0.5 2 1.5
v 0.5 2.2 2
v 0.5 2.2 1.9
v 0.5 2.3 2
v 0.5 2.3 1.9
v 0.5 2.4 2
v 0.5 2.4 1.9
v 0.5 2.4 1.6
v 0.5 2.4 1.5
v 0.5 2.5 2
v 0.5 2.5 1.9
v 0.6 0.6 -1.7
v 0.6 0.6 -2
v 0.6 0.7 -1.7
v 0.6 0.7 -2
v 0.6 2 1.9
v 0.6 2 1.6
v 0.6 2.2 1.9
v 0.6 2.2 1.8
v 0.6 2.2 1.7
v 0.6 2.2 1.6
v 0.6 2.3 1.9
v 0.6 2.3 1.8
v 0.6 2.3 1.7
v 0.6 2.3 1.6
v 0.6 2.4 1.9
v 0.6 2.4 1.8
v 0.6 2.4 1.7
v 0.6 2.4 1.6
v 0.6 2.5 1.8
v 0.6 2.5 1.7
v 0.7 0.1 -0.7
v 0.7 0.1 -1
v 0.7 0.2 -0.7
v 0.7 0.2 -1
v 0.7 0.7 -1.7
v 0.7 0.7 -2
v 0.7 0.8 -1.7
v 0.7 0.8 -2
v 0.8 0.2 -0.7
v 0.8 0.2 -1
v 0.8 0.3 -0.7
v 0.8 0.3 -1
v 0.8 0.8 -1.7
v 0.8 0.8 -2
v 0.8 0.9 -1.7
v 0.8 0.9 -2
v 0.9 0.3 -0.7
v 0.9 0.3 -1
v 0.9 0.4 -0.7
v 0.9 0.4 -1
v 0.9 0.9 -1.7
v 0.9 0.9 -2
v 0.9 1 -1.7
v 0.9 1 -2
v 1 0.4 -0.7
v 1 0.4 -1
v 1 0.5 -0.7
v 1 0.5 -1
v 1 1 -1.7
v 1 1 -2
v 1 1.1 1.3
v 1 1.1 1
v 1 1.1 -1.7
v 1 1.1 -2
v 1 1.7 1.3
v 1 1.7 1
v 1.1 0.5 -0.7
v 1.1 0.5 -1
v 1.1 0.6 -0.7
v 1.1 0.6 -1
v 1.4 0.6 0.4
v 1.4 0.6 -1
v 1.4 1 0.4
v 1.4 1 -1
v 1.4 1.1 0.4
v 1.4 1.1 -1
v 1.5 1.1 2
v 1.5 1.1 1.8
v 1.5 1.1 1.5
v 1.5 1.1 1.3
v 1.5 1.1 -1.3
v 1.5 1.1 -1.5
v 1.5 1.1 -1.8
v 1.5 1.1 -2
v 1.5 1.5 1.8
v 1.5 1.5 1.5
v 1.5 1.5 -1.5
v 1.5 1.5 -1.8
v 1.5 1.7 2
v 1.5 1.7 1.3
v 1.5 1.7 -1.3
v 1.5 1.7 -2
v 1.5 1.8 2
v 1.5 1.8 1.9
v 1.5 1.8 1.4
v 1.5 1.8 1.3
v 1.5 1.8 -1.3
v 1.5 1.8 -1.4
v 1.5 1.8 -1.9
v 1.5 1.8 -2
v 1.5 1.9 1.9
v 1.5 1.9 1.8
v 1.5 1.9 1.5
v 1.5 1.9 1.4
v 1.5 1.9 -1.4
v 1.5 1.9 -1.5
v 1.5 1.9 -1.8
v 1.5 1.9 -1.9
v 1.5 2 1.8
v 1.5 2 1.7
v 1.5 2 1.6
v 1.5 2 1.5
v 1.5 2 -1.5
v 1.5 2 -1.6
v 1.5 2 -1.7
v 1.5 2 -1.8
v 1.5 2.1 1.7
v 1.5 2.1 1.6
v 1.5 2.1 -1.6
v 1.5 2.1 -1.7
v 1.7 1.1 1
v 1.7 1.1 0.7
v 1.7 1.2 0.8
v 1.7 1.2 0.7
v 1.7 1.3 2
v 1.7 1.3 1.9
v 1.7 1.3 0.9
v 1.7 1.3 0.8
v 1.7 1.3 -1.3
v 1.7 1.3 -1.4
v 1.7 1.3 -1.9
v 1.7 1.3 -2
v 1.7 1.4 2
v 1.7 1.4 1.9
v 1.7 1.4 1
v 1.7 1.4 0.9
v 1.7 1.4 -1.3
v 1.7 1.4 -1.4
v 1.7 1.4 -1.9
v 1.7 1.4 -2
v 1.7 1.5 2
v 1.7 1.5 1.9
v 1.7 1.5 -1.3
v 1.7 1.5 -1.4
v 1.7 1.5 -1.9
v 1.7 1.5 -2
v 1.7 1.6 2
v 1.7 1.6 1.9
v 1.7 1.6 -1.3
v 1.7 1.6 -1.4
v 1.7 1.6 -1.9
v 1.7 1.6 -2
v 1.9 1.1 1.9
v 1.9 1.1 1.4
v 1.9 1.1 -1.4
v 1.9 1.1 -1.9
v 1.9 1.3 2
v 1.9 1.3 1.9
v 1.9 1.3 1.8
v 1.9 1.3 1.7
v 1.9 1.3 1.6
v 1.9 1.3 1.5
v 1.9 1.3 -1.3
v 1.9 1.3 -1.4
v 1.9 1.3 -1.5
v 1.9 1.3 -1.6
v 1.9 1.3 -1.7
v 1.9 1.3 -1.8
v 1.9 1.3 -1.9
v 1.9 1.3 -2
v 1.9 1.4 2
v 1.9 1.4 1.9
v 1.9 1.4 1.8
v 1.9 1.4 1.7
v 1.9 1.4 1.6
v 1.9 1.4 1.5
v 1.9 1.4 -1.3
v 1.9 1.4 -1.4
v 1.9 1.4 -1.5
v 1.9 1.4 -1.6
v 1.9 1.4 -1.7
v 1.9 1.4 -1.8
v 1.9 1.4 -1.9
v 1.9 1.4 -2
v 1.9 1.5 2
v 1.9 1.5 1.9
v 1.9 1.5 1.8
v 1.9 1.5 1.7
v 1.9 1.5 1.6
v 1.9 1.5 1.5
v 1.9 1.5 -1.3
v 1.9 1.5 -1.4
v 1.9 1.5 -1.5
v 1.9 1.5 -1.6
v 1.9 1.5 -1.7
v 1.9 1.5 -1.8
v 1.9 1.5 -1.9
v 1.9 1.5 -2
v 1.9 1.6 2
v 1.9 1.6 1.8
v 1.9 1.6 1.7
v 1.9 1.6 1.6
v 1.9 1.6 1.5
v 1.9 1.6 1.4
v 1.9 1.6 -1.3
v 1.9 1.6 -1.5
v 1.9 1.6 -1.6
v 1.9 1.6 -1.7
v 1.9 1.6 -1.8
v 1.9 1.6 -2
v -1.9 0.1 -1.4
v -1.9 0.1 -1.9
v -1.9 0.3 -1.3
v -1.9 0.3 -1.4
v -1.9 0.3 -1.5
v -1.9 0.3 -1.6
v -1.9 0.3 -1.7
v -1.9 0.3 -1.8
v -1.9 0.3 -1.9
v -1.9 0.3 -2
v -1.9 0.4 -1.3
v -1.9 0.4 -1.4
v -1.9 0.4 -1.5
v -1.9 0.4 -1.6
v -1.9 0.4 -1.7
v -1.9 0.4 -1.8
v -1.9 0.4 -1.9
v -1.9 0.4 -2
v -1.9 0.5 -1.3
v -1.9 0.5 -1.4
v -1.9 0.5 -1.5
v -1.9 0.5 -1.6
v -1.9 0.5 -1.7
v -1.9 0.5 -1.8
v -1.9 0.5 -1.9
v -1.9 0.5 -2
v -1.9 0.6 -1.3
v -1.9 0.6 -1.5
v -1.9 0.6 -1.6
v -1.9 0.6 -1.7
v -1.9 0.6 -1.8
v -1.9 0.6 -2
v -1.7 0.3 -1.3
v -1.7 0.3 -1.4
v -1.7 0.3 -1.9
v -1.7 0.3 -2
v -1.7 0.4 -1.3
v -1.7 0.4 -1.4
v -1.7 0.4 -1.9
v -1.7 0.4 -2
v -1.7 0.5 -1.3
v -1.7 0.5 -1.4
v -1.7 0.5 -1.9
v -1.7 0.5 -2
v -1.7 0.6 -1.3
v -1.7 0.6 -1.4
v -1.7 0.6 -1.9
v -1.7 0.6 -2
v -1.6 0.6 1.5
v -1.6 0.6 1.4
v -1.6 0.6 1
v -1.6 0.6 0.8
v -1.6 0.7 1.5
v -1.6 0.7 1.4
v -1.6 0.7 1
v -1.6 0.7 0.8
v -1.5 0.1 -1.3
v -1.5 0.1 -1.5
v -1.5 0.1 -1.8
v -1.5 0.1 -2
v -1.5 0.5 -1.5
v -1.5 0.5 -1.8
v -1.5 0.7 1.4
v -1.5 0.7 1.3
v -1.5 0.7 1
v -1.5 0.7 0.9
v -1.5 0.7 0.8
v -1.5 0.7 0.7
v -1.5 0.7 0.4
v -1.5 0.7 0.3
v -1.5 0.7 -1.3
v -1.5 0.7 -2
v -1.5 0.8 -1.3
v -1.5 0.8 -1.4
v -1.5 0.8 -1.9
v -1.5 0.8 -2
v -1.5 0.9 1.5
v -1.5 0.9 1.4
v -1.5 0.9 0.3
v -1.5 0.9 0.2
v -1.5 0.9 -1.4
v -1.5 0.9 -1.5
v -1.5 0.9 -1.8
v -1.5 0.9 -1.9
v -1.5 1 1.5
v -1.5 1 1.4
v -1.5 1 0.3
v -1.5 1 0.2
v -1.5 1 -1.5
v -1.5 1 -1.6
v -1.5 1 -1.7
v -1.5 1 -1.8
v -1.5 1.1 1.5
v -1.5 1.1 1.4
v -1.5 1.1 1.3
v -1.5 1.1 1
v -1.5 1.1 0.7
v -1.5 1.1 0.4
v -1.5 1.1 0.3
v -1.5 1.1 0.2
v -1.5 1.1 -1.6
v -1.5 1.1 -1.7
v -1.5 1.2 1.5
v -1.5 1.2 0.9
v -1.5 1.2 0.8
v -1.5 1.2 0.2
v -1.3 0.6 1.5
v -1.3 0.6 1.4
v -1.3 0.7 1.5
v -1.3 0.7 1.4
v -1.3 0.9 1.5
v -1.3 0.9 1.4
v -1.3 0.9 0.3
v -1.3 0.9 0.2
v -1.3 1 1.5
v -1.3 1 1.4
v -1.3 1 0.3
v -1.3 1 0.2
v -1.3 1.1 1.5
v -1.3 1.1 1.4
v -1.3 1.1 0.3
v -1.3 1.1 0.2
v -1.3 1.2 1.5
v -1.3 1.2 1.4
v -1.3 1.2 0.3
v -1.3 1.2 0.2
v -1 3.1 0.2
v -1 3.1 -0.2
v -1 3.3 0.3
v -1 3.3 0.2
v -1 3.3 0.0999999
v -1 3.3 -0.1
v -1 3.3 -0.2
v -1 3.3 -0.3
v -1 3.5 0.3
v -1 3.5 0.2
v -1 3.5 0.0999999
v -1 3.5 -0.1
v -1 3.5 -0.2
v -1 3.5 -0.3
v -1 3.6 0.2
v -1 3.6 -0.2
v -0.9 0.1 -1
v -0.9 0.1 -1.3
v -0.9 0.3 -1
v -0.9 0.3 -1.1
v -0.9 0.3 -1.2
v -0.9 0.3 -1.3
v -0.9 0.4 -1
v -0.9 0.4 -1.1
v -0.9 0.4 -1.2
v -0.9 0.4 -1.3
v -0.9 0.5 -1
v -0.9 0.5 -1.1
v -0.9 0.5 -1.2
v -0.9 0.5 -1.3
v -0.9 0.6 -1.1
v -0.9 0.6 -1.2
v -0.8 0.1 -1.3
v -0.8 0.1 -1.4
v -0.8 0.5 -1.3
v -0.8 0.5 -1.4
v -0.7 3.1 0.3
v -0.7 3.1 0.2
v -0.7 3.1 -0.2
v -0.7 3.1 -0.5
v -0.7 3.3 -0.4
v -0.7 3.3 -0.5
v -0.7 3.5 0.3
v -0.7 3.5 0.2
v -0.7 3.5 -0.4
v -0.7 3.5 -0.5
v -0.7 3.6 -0.2
v -0.7 3.6 -0.5
v -0.6 0.7 1.7
v -0.6 0.7 -0.6
v -0.6 1 -0.9
v -0.6 1 -1.4
v -0.6 1.1 -0.9
v -0.6 1.1 -1.4
v -0.6 1.6 1.7
v -0.6 1.6 -0.6
v -0.6 3.3 -0.5
v -0.6 3.3 -0.6
v -0.6 3.5 -0.5
v -0.6 3.5 -0.6
v -0.5 0.9 -0.9
v -0.5 0.9 -1.4
v -0.5 1 -0.9
v -0.5 1 -1.4
v -0.4 0.8 -0.9
v -0.4 0.8 -1.4
v -0.4 0.9 -0.9
v -0.4 0.9 -1.4
v -0.3 0.1 -0.6
v -0.3 0.1 -0.9
v -0.3 0.1 -1.4
v -0.3 0.3 -1
v -0.3 0.3 -1.1
v -0.3 0.3 -1.2
v -0.3 0.3 -1.3
v -0.3 0.4 -1
v -0.3 0.4 -1.1
v -0.3 0.4 -1.2
v -0.3 0.4 -1.3
v -0.3 0.5 -1
v -0.3 0.5 -1.1
v -0.3 0.5 -1.2
v -0.3 0.5 -1.3
v -0.3 0.6 -0.6
v -0.3 0.6 -0.9
v -0.3 0.6 -1
v -0.3 0.6 -1.1
v -0.3 0.6 -1.2
v -0.3 0.6 -1.3
v -0.3 0.7 -0.6
v -0.3 0.7 -0.9
v -0.3 0.7 -1.4
v -0.3 0.8 -0.9
v -0.3 0.8 -1.4
v -0.3 2 1.6
v -0.3 2 0.6
v -0.3 2.1 1.6
v -0.3 2.1 1.5
v -0.3 2.2 1.5
v -0.3 2.2 1.4
v -0.3 2.3 1.4
v -0.3 2.3 1.3
v -0.3 2.4 1.3
v -0.3 2.4 1.2
v -0.3 2.5 1.2
v -0.3 2.5 1.1
v -0.3 2.6 1.1
v -0.3 2.6 1
v -0.3 2.7 1
v -0.3 2.7 0.9
v -0.3 2.7 0.6
v -0.3 2.8 0.9
v -0.3 2.8 0.8
v -0.3 2.9 0.8
v -0.3 2.9 0.7
v -0.3 3 0.7
v -0.3 3 0.6
v -0.3 3.9 0.3
v -0.3 3.9 -0.6
v -0.3 4 0.3
v -0.3 4 -0.6
v -0.2 3 0.6
v -0.2 3 0.3
v -0.2 3 -0.3
v -0.2 3 -0.6
v -0.2 3.1 0.6
v -0.2 3.1 0.3
v -0.2 3.1 -0.3
v -0.2 3.1 -0.6
v -0.2 3.3 0.3
v -0.2 3.3 0.2
v -0.2 3.3 -0.4
v -0.2 3.3 -0.5
v -0.2 3.5 0.3
v -0.2 3.5 0.2
v -0.2 3.5 -0.4
v -0.2 3.5 -0.5
v -0.2 3.7 -0.3
v -0.2 3.7 -0.6
v -0.2 3.9 -0.3
v -0.2 3.9 -0.6
v -0.0999999 2.9 0.6
v -0.0999999 2.9 0.4
v -0.0999999 2.9 -0.4
v -0.0999999 2.9 -0.6
v -0.0999999 3 0.6
v -0.0999999 3 0.4
v -0.0999999 3 -0.4
v -0.0999999 3 -0.6
v -0.0999999 3.3 -0.2
v -0.0999999 3.3 -0.3
v -0.0999999 3.5 -0.2
v -0.0999999 3.5 -0.3
v -0.0999999 3.8 0.3
v -0.0999999 3.8 -0.3
v -0.0999999 3.9 0.3
v -0.0999999 3.9 -0.3
v 2.38419e-07 2.8 0.6
v 2.38419e-07 2.8 0.5
v 2.38419e-07 2.8 -0.5
v 2.38419e-07 2.8 -0.6
v 2.38419e-07 2.9 0.6
v 2.38419e-07 2.9 0.5
v 2.38419e-07 2.9 -0.5
v 2.38419e-07 2.9 -0.6
v 0.1 1.1 1
v 0.1 1.1 0.0999999
v 0.1 1.1 -0.2
v 0.1 1.1 -0.6
v 0.1 1.6 0.0999999
v 0.1 1.6 -0.2
v 0.1 1.9 1
v 0.1 1.9 0.6
v 0.1 2 1.9
v 0.1 2 1.6
v 0.1 2 1
v 0.1 2 0.6
v 0.1 2.2 1.9
v 0.1 2.2 1.8
v 0.1 2.2 1.7
v 0.1 2.2 1.6
v 0.1 2.3 1.9
v 0.1 2.3 1.8
v 0.1 2.3 1.7
v 0.1 2.3 1.6
v 0.1 2.4 1.9
v 0.1 2.4 1.8
v 0.1 2.4 1.7
v 0.1 2.4 1.6
v 0.1 2.5 1.8
v 0.1 2.5 1.7
v 0.1 2.7 0.6
v 0.1 2.7 -0.6
v 0.1 2.8 0.6
v 0.1 2.8 0.5
v 0.1 2.8 -0.5
v 0.1 2.8 -0.6
v 0.1 2.9 0.5
v 0.1 2.9 0.4
v 0.1 2.9 -0.4
v 0.1 2.9 -0.5
v 0.1 3 0.4
v 0.1 3 0.3
v 0.1 3 -0.3
v 0.1 3 -0.4
v 0.1 3.1 0.3
v 0.1 3.1 -0.3
v 0.1 3.3 0.0999999
v 0.1 3.3 -0.1
v 0.1 3.5 0.0999999
v 0.1 3.5 -0.1
v 0.1 3.7 0.3
v 0.1 3.7 -0.3
v 0.1 3.8 0.3
v 0.1 3.8 -0.3
v 0.2 1.1 -1.1
v 0.2 1.1 -1.6
v 0.2 1.3 -1
v 0.2 1.3 -1.1
v 0.2 1.3 -1.2
v 0.2 1.3 -1.3
v 0.2 1.3 -1.4
v 0.2 1.3 -1.5
v 0.2 1.3 -1.6
v 0.2 1.3 -1.7
v 0.2 1.4 -1
v 0.2 1.4 -1.1
v 0.2 1.4 -1.2
v 0.2 1.4 -1.3
v 0.2 1.4 -1.4
v 0.2 1.4 -1.5
v 0.2 1.4 -1.6
v 0.2 1.4 -1.7
v 0.2 1.5 -1
v 0.2 1.5 -1.1
v 0.2 1.5 -1.2
v 0.2 1.5 -1.3
v 0.2 1.5 -1.4
v 0.2 1.5 -1.5
v 0.2 1.5 -1.6
v 0.2 1.5 -1.7
v 0.2 1.6 -1
v 0.2 1.6 -1.2
v 0.2 1.6 -1.3
v 0.2 1.6 -1.4
v 0.2 1.6 -1.5
v 0.2 1.6 -1.7
v 0.2 2 1.6
v 0.2 2 1.5
v 0.2 2.2 2
v 0.2 2.2 1.9
v 0.2 2.3 2
v 0.2 2.3 1.9
v 0.2 2.4 2
v 0.2 2.4 1.9
v 0.2 2.4 1.6
v 0.2 2.4 1.5
v 0.2 2.5 2
v 0.2 2.5 1.9
v 0.4 1.3 -1
v 0.4 1.3 -1.1
v 0.4 1.3 -1.6
v 0.4 1.3 -1.7
v 0.4 1.4 -1
v 0.4 1.4 -1.1
v 0.4 1.4 -1.6
v 0.4 1.4 -1.7
v 0.4 1.5 -1
v 0.4 1.5 -1.1
v 0.4 1.5 -1.6
v 0.4 1.5 -1.7
v 0.4 1.6 -1
v 0.4 1.6 -1.1
v 0.4 1.6 -1.6
v 0.4 1.6 -1.7
v 0.4 2.2 2
v 0.4 2.2 1.9
v 0.4 2.3 2
v 0.4 2.3 1.9
v 0.4 2.4 2
v 0.4 2.4 1.9
v 0.4 2.5 2
v 0.4 2.5 1.9
v 0.4 2.9 2
v 0.4 2.9 1.5
v 0.4 3 2
v 0.4 3 1.5
v 0.5 2.8 2
v 0.5 2.8 1.5
v 0.5 2.9 2
v 0.5 2.9 1.5
v 0.6 0.6 -2.38419e-07
v 0.6 0.6 -0.7
v 0.6 0.6 -1
v 0.6 0.7 0.0999999
v 0.6 0.7 -2.38419e-07
v 0.6 0.8 0.2
v 0.6 0.8 0.0999999
v 0.6 0.9 0.3
v 0.6 0.9 0.2
v 0.6 1 0.4
v 0.6 1 0.3
v 0.6 1 -1
v 0.6 1.1 0.4
v 0.6 1.1 -1
v 0.6 1.1 -1.2
v 0.6 1.1 -1.5
v 0.6 1.1 -1.7
v 0.6 1.5 -1.2
v 0.6 1.5 -1.5
v 0.6 1.7 -1
v 0.6 1.7 -1.7
v 0.6 1.8 -1
v 0.6 1.8 -1.1
v 0.6 1.8 -1.6
v 0.6 1.8 -1.7
v 0.6 1.9 -1.1
v 0.6 1.9 -1.2
v 0.6 1.9 -1.5
v 0.6 1.9 -1.6
v 0.6 2 -1.2
v 0.6 2 -1.3
v 0.6 2 -1.4
v 0.6 2 -1.5
v 0.6 2.1 -1.3
v 0.6 2.1 -1.4
v 0.6 2.7 2
v 0.6 2.7 1.5
v 0.6 2.8 2
v 0.6 2.8 1.5
v 0.7 1.1 2
v 0.7 1.1 1
v 0.7 1.7 1.3
v 0.7 1.7 1
v 0.7 1.9 2
v 0.7 1.9 1.3
v 0.7 2 2
v 0.7 2 1.5
v 0.7 2 1.3
v 0.7 2.2 1.9
v 0.7 2.2 1.8
v 0.7 2.2 1.7
v 0.7 2.2 1.6
v 0.7 2.3 1.9
v 0.7 2.3 1.8
v 0.7 2.3 1.7
v 0.7 2.3 1.6
v 0.7 2.4 1.9
v 0.7 2.4 1.8
v 0.7 2.4 1.7
v 0.7 2.4 1.6
v 0.7 2.5 1.9
v 0.7 2.5 1.8
v 0.7 2.5 1.7
v 0.7 2.5 1.6
v 0.7 2.6 2
v 0.7 2.6 1.5
v 0.7 2.7 2
v 0.7 2.7 1.5
v 0.9 0.6 0.4
v 0.9 0.6 -2.38419e-07
v 0.9 0.7 0.0999999
v 0.9 0.7 -2.38419e-07
v 0.9 0.8 0.2
v 0.9 0.8 0.0999999
v 0.9 0.9 0.3
v 0.9 0.9 0.2
v 0.9 1 0.4
v 0.9 1 0.3
v 1.3 1.9 1.3
v 1.3 1.9 1
v 1.3 2 1.3
v 1.3 2 1
v 1.4 1.8 1.3
v 1.4 1.8 1
v 1.4 1.9 1.3
v 1.4 1.9 1
v 1.5 1.7 1.3
v 1.5 1.7 1
v 1.5 1.8 1.3
v 1.5 1.8 1
v 1.6 1.1 1.9
v 1.6 1.1 1.8
v 1.6 1.1 1.5
v 1.6 1.1 1.4
v 1.6 1.1 -1.4
v 1.6 1.1 -1.5
v 1.6 1.1 -1.8
v 1.6 1.1 -1.9
v 1.6 1.3 2
v 1.6 1.3 1.9
v 1.6 1.3 -1.3
v 1.6 1.3 -1.4
v 1.6 1.3 -1.9
v 1.6 1.3 -2
v 1.6 1.4 2
v 1.6 1.4 1.9
v 1.6 1.4 -1.3
v 1.6 1.4 -1.4
v 1.6 1.4 -1.9
v 1.6 1.4 -2
v 1.6 1.5 2
v 1.6 1.5 1.9
v 1.6 1.5 1.8
v 1.6 1.5 1.5
v 1.6 1.5 -1.3
v 1.6 1.5 -1.4
v 1.6 1.5 -1.5
v 1.6 1.5 -1.8
v 1.6 1.5 -1.9
v 1.6 1.5 -2
v 1.6 1.6 2
v 1.6 1.6 1.4
v 1.6 1.6 1.3
v 1.6 1.6 1
v 1.6 1.6 -1.3
v 1.6 1.6 -2
v 1.6 1.7 1.3
v 1.6 1.7 1
v 1.7 1.5 1.3
v 1.7 1.5 1
v 1.7 1.6 1.3
v 1.7 1.6 1
v 1.8 1.3 2
v 1.8 1.3 1.9
v 1.8 1.3 -1.3
v 1.8 1.3 -1.4
v 1.8 1.3 -1.9
v 1.8 1.3 -2
v 1.8 1.4 2
v 1.8 1.4 1.9
v 1.8 1.4 -1.3
v 1.8 1.4 -1.4
v 1.8 1.4 -1.9
v 1.8 1.4 -2
v 1.8 1.5 2
v 1.8 1.5 1.9
v 1.8 1.5 -1.3
v 1.8 1.5 -1.4
v 1.8 1.5 -1.9
v 1.8 1.5 -2
v 1.8 1.6 2
v 1.8 1.6 1.9
v 1.8 1.6 -1.3
v 1.8 1.6 -1.4
v 1.8 1.6 -1.9
v 1.8 1.6 -2
v 2 0 2
v 2 0 -2
v 2 1 2
v 2 1 -2
v 2 1.1 2
v 2 1.1 1.3
v 2 1.1 0.7
v 2 1.1 -1.3
v 2 1.1 -2
v 2 1.2 0.8
v 2 1.2 0.7
v 2 1.3 1.8
v 2 1.3 1.7
v 2 1.3 1.6
v 2 1.3 1.5
v 2 1.3 0.9
v 2 1.3 0.8
v 2 1.3 -1.5
v 2 1.3 -1.6
v 2 1.3 -1.7
v 2 1.3 -1.8
v 2 1.4 1.8
v 2 1.4 1.7
v 2 1.4 1.6
v 2 1.4 1.5
v 2 1.4 1
v 2 1.4 0.9
v 2 1.4 -1.5
v 2 1.4 -1.6
v 2 1.4 -1.7
v 2 1.4 -1.8
v 2 1.5 1.8
v 2 1.5 1.7
v 2 1.5 1.6
v 2 1.5 1.5
v 2 1.5 1.3
v 2 1.5 1
v 2 1.5 -1.5
v 2 1.5 -1.6
v 2 1.5 -1.7
v 2 1.5 -1.8
v 2 1.6 1.8
v 2 1.6 1.7
v 2 1.6 1.6
v 2 1.6 1.5
v 2 1.6 -1.5
v 2 1.6 -1.6
v 2 1.6 -1.7
v 2 1.6 -1.8
v 2 1.7 2
v 2 1.7 1.3
v 2 1.7 -1.3
v 2 1.7 -2
v 2 1.8 2
v 2 1.8 1.9
v 2 1.8 1.4
v 2 1.8 1.3
v 2 1.8 -1.3
v 2 1.8 -1.4
v 2 1.8 -1.9
v 2 1.8 -2
v 2 1.9 1.9
v 2 1.9 1.8
v 2 1.9 1.5
v 2 1.9 1.4
v 2 1.9 -1.4
v 2 1.9 -1.5
v 2 1.9 -1.8
v 2 1.9 -1.9
v 2 2 1.8
v 2 2 1.7
v 2 2 1.6
v 2 2 1.5
v 2 2 -1.5
v 2 2 -1.6
v 2 2 -1.7
v 2 2 -1.8
v 2 2.1 1.7
v 2 2.1 1.6
v 2 2.1 -1.6
v 2 2.1 -1.7
v -2 0 2
v -2 0.6 2
v -2 0.7 2
v -1.1 1.6 2
v -1.1 1.9 2
v -1.1 2 2
v -0.3 0.6 2
v -0.3 0.7 2
v -0.3 1.6 2
v 2.38419e-07 2 2
v 2.38419e-07 2.6 2
v 2.38419e-07 2.7 2
v 0.1 2.7 2
v 0.1 2.8 2
v 0.2 2.2 2
v 0.2 2.3 2
v 0.2 2.4 2
v 0.2 2.5 2
v 0.2 2.8 2
v 0.2 2.9 2
v 0.3 2.2 2
v 0.3 2.3 2
v 0.3 2.4 2
v 0.3 2.5 2
v 0.3 2.9 2
v 0.3 3 2
v 0.4 2.2 2
v 0.4 2.3 2
v 0.4 2.4 2
v 0.4 2.5 2
v 0.4 2.9 2
v 0.4 3 2
v 0.5 2.2 2
v 0.5 2.3 2
v 0.5 2.4 2
v 0.5 2.5 2
v 0.5 2.8 2
v 0.5 2.9 2
v 0.6 2.7 2
v 0.6 2.8 2
v 0.7 1 2
v 0.7 1.1 2
v 0.7 1.9 2
v 0.7 2 2
v 0.7 2.6 2
v 0.7 2.7 2
v 1.5 1.1 2
v 1.5 1.7 2
v 1.5 1.8 2
v 1.6 1.3 2
v 1.6 1.4 2
v 1.6 1.5 2
v 1.6 1.6 2
v 1.7 1.3 2
v 1.7 1.4 2
v 1.7 1.5 2
v 1.7 1.6 2
v 1.8 1.3 2
v 1.8 1.4 2
v 1.8 1.5 2
v 1.8 1.6 2
v 1.9 1.3 2
v 1.9 1.4 2
v 1.9 1.5 2
v 1.9 1.6 2
v 2 0 2
v 2 1 2
v 2 1.1 2
v 2 1.7 2
v 2 1.8 2
v 1.5 1.8 1.9
v 1.5 1.9 1.9
v 2 1.8 1.9
v 2 1.9 1.9
v 2.38419e-07 2.2 1.8
v 2.38419e-07 2.3 1.8
v 2.38419e-07 2.4 1.8
v 2.38419e-07 2.5 1.8
v 0.1 2.2 1.8
v 0.1 2.3 1.8
v 0.1 2.4 1.8
v 0.1 2.5 1.8
v 0.6 2.2 1.8
v 0.6 2.3 1.8
v 0.6 2.4 1.8
v 0.6 2.5 1.8
v 0.7 2.2 1.8
v 0.7 2.3 1.8
v 0.7 2.4 1.8
v 0.7 2.5 1.8
v 1.5 1.9 1.8
v 1.5 2 1.8
v 2 1.9 1.8
v 2 2 1.8
v -1.1 0.7 1.7
v -1.1 1.6 1.7
v -0.6 0.7 1.7
v -0.6 1.6 1.7
v 1.5 2 1.7
v 1.5 2.1 1.7
v 1.9 1.3 1.7
v 1.9 1.4 1.7
v 1.9 1.5 1.7
v 1.9 1.6 1.7
v 2 1.3 1.7
v 2 1.4 1.7
v 2 1.5 1.7
v 2 1.6 1.7
v 2 2 1.7
v 2 2.1 1.7
v -0.7 2 1.6
v -0.7 2.1 1.6
v -0.3 2 1.6
v -0.3 2.1 1.6
v 2.38419e-07 2.2 1.6
v 2.38419e-07 2.3 1.6
v 2.38419e-07 2.4 1.6
v 2.38419e-07 2.5 1.6
v 0.1 2 1.6
v 0.1 2.2 1.6
v 0.1 2.3 1.6
v 0.1 2.4 1.6
v 0.2 2 1.6
v 0.2 2.4 1.6
v 0.5 2 1.6
v 0.5 2.4 1.6
v 0.6 2 1.6
v 0.6 2.2 1.6
v 0.6 2.3 1.6
v 0.6 2.4 1.6
v 0.7 2.2 1.6
v 0.7 2.3 1.6
v 0.7 2.4 1.6
v 0.7 2.5 1.6
v -1.6 0.7 1.5
v -1.6 1.3 1.5
v -1.6 1.4 1.5
v -1.5 0.9 1.5
v -1.5 1 1.5
v -1.5 1.1 1.5
v -1.5 1.2 1.5
v -1.4 0.9 1.5
v -1.4 1 1.5
v -1.4 1.1 1.5
v -1.4 1.2 1.5
v -1.3 0.9 1.5
v -1.3 1 1.5
v -1.3 1.1 1.5
v -1.3 1.2 1.5
v -1.2 0.9 1.5
v -1.2 1 1.5
v -1.2 1.1 1.5
v -1.2 1.2 1.5
v -1.1 0.7 1.5
v -1.1 1.3 1.5
v -1.1 1.4 1.5
v -0.7 2.1 1.5
v -0.7 2.2 1.5
v -0.3 2.1 1.5
v -0.3 2.2 1.5
v 1.5 1.1 1.5
v 1.5 1.5 1.5
v 1.6 1.1 1.5
v 1.6 1.5 1.5
v 1.9 1.3 1.5
v 1.9 1.4 1.5
v 1.9 1.5 1.5
v 1.9 1.6 1.5
v 2 1.3 1.5
v 2 1.4 1.5
v 2 1.5 1.5
v 2 1.6 1.5
v -1.6 0.6 1.4
v -1.6 0.7 1.4
v -1.6 1.4 1.4
v -1.6 1.5 1.4
v -1.5 0.6 1.4
v -1.5 0.7 1.4
v -1.3 0.6 1.4
v -1.3 0.7 1.4
v -1.2 0.6 1.4
v -1.2 0.7 1.4
v -1.1 1.4 1.4
v -1.1 1.5 1.4
v -0.7 2.2 1.4
v -0.7 2.3 1.4
v -0.3 2.2 1.4
v -0.3 2.3 1.4
v 1.6 1.1 1.4
v 1.6 1.6 1.4
v 1.9 1.1 1.4
v 1.9 1.6 1.4
v -1.6 1.5 1.3
v -1.6 1.6 1.3
v -1.1 1.5 1.3
v -1.1 1.6 1.3
v -0.7 2.3 1.3
v -0.7 2.4 1.3
v -0.3 2.3 1.3
v -0.3 2.4 1.3
v 0.7 1.7 1.3
v 0.7 1.9 1.3
v 0.7 2 1.3
v 1 1.1 1.3
v 1 1.7 1.3
v 1.2 1.9 1.3
v 1.2 2 1.3
v 1.3 1.9 1.3
v 1.3 2 1.3
v 1.4 1.8 1.3
v 1.4 1.9 1.3
v 1.5 1.1 1.3
v 1.5 1.7 1.3
v 1.5 1.8 1.3
v -1.6 1.6 1.2
v -1.6 1.7 1.2
v -1.1 1.6 1.2
v -1.1 1.7 1.2
v -0.7 2.4 1.2
v -0.7 2.5 1.2
v -0.3 2.4 1.2
v -0.3 2.5 1.2
v -0.7 2.5 1.1
v -0.7 2.6 1.1
v -0.3 2.5 1.1
v -0.3 2.6 1.1
v -1.6 0.7 1
v -1.6 1.1 1
v -1.5 0.7 1
v -1.5 1.1 1
v -0.7 2.6 1
v -0.7 2.7 1
v -0.3 2.6 1
v -0.3 2.7 1
v -1.5 0.7 0.9
v -1.5 1.2 0.9
v -1.2 0.7 0.9
v -1.2 1.2 0.9
v -0.7 2.7 0.9
v -0.7 2.8 0.9
v -0.3 2.7 0.9
v -0.3 2.8 0.9
v -1.6 0.6 0.8
v -1.6 0.7 0.8
v -1.6 1.4 0.8
v -1.6 1.5 0.8
v -1.2 0.6 0.8
v -1.2 0.7 0.8
v -1.1 1.4 0.8
v -1.1 1.5 0.8
v -0.7 2.8 0.8
v -0.7 2.9 0.8
v -0.3 2.8 0.8
v -0.3 2.9 0.8
v -1.6 1.5 0.7
v -1.6 1.6 0.7
v -1.1 1.5 0.7
v -1.1 1.6 0.7
v -0.7 2.9 0.7
v -0.7 3 0.7
v -0.3 2.9 0.7
v -0.3 3 0.7
v -1.6 1.6 0.6
v -1.6 1.7 0.6
v -1.1 1.6 0.6
v -1.1 1.7 0.6
v -1.1 2 0.6
v -1.1 2.7 0.6
v -1.1 2.8 0.6
v -1 2.8 0.6
v -1 2.9 0.6
v -0.9 2.9 0.6
v -0.9 3 0.6
v -0.8 3 0.6
v -0.8 3.1 0.6
v -0.7 2 0.6
v -0.7 2.7 0.6
v -0.7 3 0.6
v -0.3 2 0.6
v -0.3 2.7 0.6
v -0.3 3 0.6
v -0.2 3 0.6
v -0.2 3.1 0.6
v -0.0999999 2.9 0.6
v -0.0999999 3 0.6
v 2.38419e-07 2.8 0.6
v 2.38419e-07 2.9 0.6
v 0.1 2 0.6
v 0.1 2.7 0.6
v 0.1 2.8 0.6
v -1.1 2.8 0.5
v -1.1 2.9 0.5
v -1 2.8 0.5
v -1 2.9 0.5
v 2.38419e-07 2.8 0.5
v 2.38419e-07 2.9 0.5
v 0.1 2.8 0.5
v 0.1 2.9 0.5
v -1.6 0.7 0.4
v -1.6 1.1 0.4
v -1.5 0.7 0.4
v -1.5 1.1 0.4
v -1.1 2.9 0.4
v -1.1 3 0.4
v -0.9 2.9 0.4
v -0.9 3 0.4
v -0.0999999 2.9 0.4
v -0.0999999 3 0.4
v 0.1 2.9 0.4
v 0.1 3 0.4
v -1.5 0.7 0.3
v -1.5 0.9 0.3
v -1.5 1 0.3
v -1.5 1.1 0.3
v -1.4 0.9 0.3
v -1.4 1 0.3
v -1.4 1.1 0.3
v -1.4 1.2 0.3
v -1.3 0.9 0.3
v -1.3 1 0.3
v -1.3 1.1 0.3
v -1.3 1.2 0.3
v -1.2 0.7 0.3
v -1.2 0.9 0.3
v -1.2 1 0.3
v -1.2 1.1 0.3
v -1.1 3 0.3
v -1.1 3.1 0.3
v -1.1 3.7 0.3
v -1.1 3.8 0.3
v -1 3.3 0.3
v -1 3.5 0.3
v -0.9 3.8 0.3
v -0.9 3.9 0.3
v -0.8 3 0.3
v -0.8 3.1 0.3
v -0.8 3.3 0.3
v -0.8 3.5 0.3
v -0.7 3.1 0.3
v -0.7 3.5 0.3
v -0.7 3.9 0.3
v -0.7 4 0.3
v -0.3 3.1 0.3
v -0.3 3.5 0.3
v -0.3 3.9 0.3
v -0.3 4 0.3
v -0.2 3 0.3
v -0.2 3.1 0.3
v -0.2 3.3 0.3
v -0.2 3.5 0.3
v -0.0999999 3.8 0.3
v -0.0999999 3.9 0.3
v 2.38419e-07 3.3 0.3
v 2.38419e-07 3.5 0.3
v 0.1 3 0.3
v 0.1 3.1 0.3
v 0.1 3.7 0.3
v 0.1 3.8 0.3
v -1.1 3.3 -0.1
v -1.1 3.5 -0.1
v -1 3.3 -0.1
v -1 3.5 -0.1
v 2.38419e-07 3.3 -0.1
v 2.38419e-07 3.5 -0.1
v 0.1 3.3 -0.1
v 0.1 3.5 -0.1
v -1 3.1 -0.2
v -1 3.3 -0.2
v -1 3.5 -0.2
v -1 3.6 -0.2
v -0.9 3.3 -0.2
v -0.9 3.5 -0.2
v -0.7 3.1 -0.2
v -0.7 3.6 -0.2
v -0.3 0.8 -0.2
v -0.3 1.6 -0.2
v -0.3 3.1 -0.2
v -0.3 3.6 -0.2
v -0.2 0.8 -0.2
v -0.2 0.9 -0.2
v -0.0999999 0.9 -0.2
v -0.0999999 1 -0.2
v -0.0999999 3.3 -0.2
v -0.0999999 3.5 -0.2
v 2.38419e-07 1 -0.2
v 2.38419e-07 1.1 -0.2
v 2.38419e-07 3.1 -0.2
v 2.38419e-07 3.3 -0.2
v 2.38419e-07 3.5 -0.2
v 2.38419e-07 3.6 -0.2
v 0.1 1.1 -0.2
v 0.1 1.6 -0.2
v -0.8 3.3 -0.5
v -0.8 3.5 -0.5
v -0.7 3.1 -0.5
v -0.7 3.3 -0.5
v -0.7 3.5 -0.5
v -0.7 3.6 -0.5
v -0.6 3.3 -0.5
v -0.6 3.5 -0.5
v -0.4 3.3 -0.5
v -0.4 3.5 -0.5
v -0.3 3.1 -0.5
v -0.3 3.3 -0.5
v -0.3 3.5 -0.5
v -0.3 3.6 -0.5
v -0.2 3.3 -0.5
v -0.2 3.5 -0.5
v -1 0.3 -0.9
v -1 0.7 -0.9
v -1 0.8 -0.9
v -0.9 0.3 -0.9
v -0.9 0.4 -0.9
v -0.9 0.8 -0.9
v -0.9 0.9 -0.9
v -0.8 0.4 -0.9
v -0.8 0.5 -0.9
v -0.8 0.9 -0.9
v -0.8 1 -0.9
v -0.7 0.5 -0.9
v -0.7 0.6 -0.9
v -0.7 1 -0.9
v -0.7 1.1 -0.9
v -0.6 0.6 -0.9
v -0.6 0.7 -0.9
v -0.6 1 -0.9
v -0.6 1.1 -0.9
v -0.5 0.9 -0.9
v -0.5 1 -0.9
v -0.4 0.8 -0.9
v -0.4 0.9 -0.9
v -0.3 0.7 -0.9
v -0.3 0.8 -0.9
v 0.1 0.1 -1
v 0.1 0.6 -1
v 0.1 1.1 -1
v 0.1 1.7 -1
v 0.1 1.8 -1
v 0.2 1.3 -1
v 0.2 1.4 -1
v 0.2 1.5 -1
v 0.2 1.6 -1
v 0.3 1.3 -1
v 0.3 1.4 -1
v 0.3 1.5 -1
v 0.3 1.6 -1
v 0.4 1.3 -1
v 0.4 1.4 -1
v 0.4 1.5 -1
v 0.4 1.6 -1
v 0.5 1.3 -1
v 0.5 1.4 -1
v 0.5 1.5 -1
v 0.5 1.6 -1
v 0.6 0.6 -1
v 0.6 1 -1
v 0.6 1.1 -1
v 0.6 1.7 -1
v 0.6 1.8 -1
v 0.7 0.1 -1
v 0.7 0.2 -1
v 0.8 0.2 -1
v 0.8 0.3 -1
v 0.9 0.3 -1
v 0.9 0.4 -1
v 1 0.4 -1
v 1 0.5 -1
v 1.1 0.5 -1
v 1.1 0.6 -1
v 1.4 0.6 -1
v 1.4 1 -1
v 1.4 1.1 -1
v -1 0.3 -1.1
v -1 0.4 -1.1
v -1 0.5 -1.1
v -1 0.6 -1.1
v -0.9 0.3 -1.1
v -0.9 0.4 -1.1
v -0.9 0.5 -1.1
v -0.9 0.6 -1.1
v -0.4 0.3 -1.1
v -0.4 0.4 -1.1
v -0.4 0.5 -1.1
v -0.4 0.6 -1.1
v -0.3 0.3 -1.1
v -0.3 0.4 -1.1
v -0.3 0.5 -1.1
v -0.3 0.6 -1.1
v 0.1 1.8 -1.1
v 0.1 1.9 -1.1
v 0.6 1.8 -1.1
v 0.6 1.9 -1.1
v 0.1 1.9 -1.2
v 0.1 2 -1.2
v 0.6 1.9 -1.2
v 0.6 2 -1.2
v -2 0.1 -1.3
v -2 0.7 -1.3
v -2 0.8 -1.3
v -1.9 0.3 -1.3
v -1.9 0.4 -1.3
v -1.9 0.5 -1.3
v -1.9 0.6 -1.3
v -1.8 0.3 -1.3
v -1.8 0.4 -1.3
v -1.8 0.5 -1.3
v -1.8 0.6 -1.3
v -1.7 0.3 -1.3
v -1.7 0.4 -1.3
v -1.7 0.5 -1.3
v -1.7 0.6 -1.3
v -1.6 0.3 -1.3
v -1.6 0.4 -1.3
v -1.6 0.5 -1.3
v -1.6 0.6 -1.3
v -1.5 0.1 -1.3
v -1.5 0.7 -1.3
v -1.5 0.8 -1.3
v -1 0.3 -1.3
v -1 0.4 -1.3
v -1 0.5 -1.3
v -1 0.6 -1.3
v -0.9 0.1 -1.3
v -0.9 0.3 -1.3
v -0.9 0.4 -1.3
v -0.9 0.5 -1.3
v -0.8 0.1 -1.3
v -0.8 0.5 -1.3
v -0.5 0.1 -1.3
v -0.5 0.5 -1.3
v -0.4 0.1 -1.3
v -0.4 0.3 -1.3
v -0.4 0.4 -1.3
v -0.4 0.5 -1.3
v -0.3 0.3 -1.3
v -0.3 0.4 -1.3
v -0.3 0.5 -1.3
v -0.3 0.6 -1.3
v 0.1 1.3 -1.3
v 0.1 1.4 -1.3
v 0.1 1.5 -1.3
v 0.1 1.6 -1.3
v 0.1 2 -1.3
v 0.1 2.1 -1.3
v 0.2 1.3 -1.3
v 0.2 1.4 -1.3
v 0.2 1.5 -1.3
v 0.2 1.6 -1.3
v 0.6 2 -1.3
v 0.6 2.1 -1.3
v 1.5 1.1 -1.3
v 1.5 1.7 -1.3
v 1.5 1.8 -1.3
v 1.6 1.3 -1.3
v 1.6 1.4 -1.3
v 1.6 1.5 -1.3
v 1.6 1.6 -1.3
v 1.7 1.3 -1.3
v 1.7 1.4 -1.3
v 1.7 1.5 -1.3
v 1.7 1.6 -1.3
v 1.8 1.3 -1.3
v 1.8 1.4 -1.3
v 1.8 1.5 -1.3
v 1.8 1.6 -1.3
v 1.9 1.3 -1.3
v 1.9 1.4 -1.3
v 1.9 1.5 -1.3
v 1.9 1.6 -1.3
v 2 1.1 -1.3
v 2 1.7 -1.3
v 2 1.8 -1.3
v -2 0.8 -1.4
v -2 0.9 -1.4
v -1.5 0.8 -1.4
v -1.5 0.9 -1.4
v 1.5 1.8 -1.4
v 1.5 1.9 -1.4
v 2 1.8 -1.4
v 2 1.9 -1.4
v -2 0.9 -1.5
v -2 1 -1.5
v -1.5 0.9 -1.5
v -1.5 1 -1.5
v 0.1 1.3 -1.5
v 0.1 1.4 -1.5
v 0.1 1.5 -1.5
v 0.1 1.6 -1.5
v 0.2 1.3 -1.5
v 0.2 1.4 -1.5
v 0.2 1.5 -1.5
v 0.2 1.6 -1.5
v 0.5 1.1 -1.5
v 0.5 1.5 -1.5
v 0.6 1.1 -1.5
v 0.6 1.5 -1.5
v 1.5 1.9 -1.5
v 1.5 2 -1.5
v 2 1.9 -1.5
v 2 2 -1.5
v -2 0.3 -1.6
v -2 0.4 -1.6
v -2 0.5 -1.6
v -2 0.6 -1.6
v -2 1 -1.6
v -2 1.1 -1.6
v -1.9 0.3 -1.6
v -1.9 0.4 -1.6
v -1.9 0.5 -1.6
v -1.9 0.6 -1.6
v -1.5 1 -1.6
v -1.5 1.1 -1.6
v 0.2 1.1 -1.6
v 0.2 1.3 -1.6
v 0.2 1.4 -1.6
v 0.2 1.5 -1.6
v 0.3 1.3 -1.6
v 0.3 1.4 -1.6
v 0.3 1.5 -1.6
v 0.3 1.6 -1.6
v 0.4 1.3 -1.6
v 0.4 1.4 -1.6
v 0.4 1.5 -1.6
v 0.4 1.6 -1.6
v 0.5 1.1 -1.6
v 0.5 1.3 -1.6
v 0.5 1.4 -1.6
v 0.5 1.5 -1.6
v 1.5 2 -1.6
v 1.5 2.1 -1.6
v 1.9 1.3 -1.6
v 1.9 1.4 -1.6
v 1.9 1.5 -1.6
v 1.9 1.6 -1.6
v 2 1.3 -1.6
v 2 1.4 -1.6
v 2 1.5 -1.6
v 2 1.6 -1.6
v 2 2 -1.6
v 2 2.1 -1.6
v -2 0.3 -1.8
v -2 0.4 -1.8
v -2 0.5 -1.8
v -2 0.6 -1.8
v -1.9 0.3 -1.8
v -1.9 0.4 -1.8
v -1.9 0.5 -1.8
v -1.9 0.6 -1.8
v -1.6 0.1 -1.8
v -1.6 0.5 -1.8
v -1.5 0.1 -1.8
v -1.5 0.5 -1.8
v 1.5 1.1 -1.8
v 1.5 1.5 -1.8
v 1.6 1.1 -1.8
v 1.6 1.5 -1.8
v 1.9 1.3 -1.8
v 1.9 1.4 -1.8
v 1.9 1.5 -1.8
v 1.9 1.6 -1.8
v 2 1.3 -1.8
v 2 1.4 -1.8
v 2 1.5 -1.8
v 2 1.6 -1.8
v -1.9 0.1 -1.9
v -1.9 0.3 -1.9
v -1.9 0.4 -1.9
v -1.9 0.5 -1.9
v -1.8 0.3 -1.9
v -1.8 0.4 -1.9
v -1.8 0.5 -1.9
v -1.8 0.6 -1.9
v -1.7 0.3 -1.9
v -1.7 0.4 -1.9
v -1.7 0.5 -1.9
v -1.7 0.6 -1.9
v -1.6 0.1 -1.9
v -1.6 0.3 -1.9
v -1.6 0.4 -1.9
v -1.6 0.5 -1.9
v 1.6 1.1 -1.9
v 1.6 1.3 -1.9
v 1.6 1.4 -1.9
v 1.6 1.5 -1.9
v 1.7 1.3 -1.9
v 1.7 1.4 -1.9
v 1.7 1.5 -1.9
v 1.7 1.6 -1.9
v 1.8 1.3 -1.9
v 1.8 1.4 -1.9
v 1.8 1.5 -1.9
v 1.8 1.6 -1.9
v 1.9 1.1 -1.9
v 1.9 1.3 -1.9
v 1.9 1.4 -1.9
v 1.9 1.5 -1.9
v 2.38419e-07 2.2 1.9
v 2.38419e-07 2.3 1.9
v 2.38419e-07 2.4 1.9
v 2.38419e-07 2.5 1.9
v 0.1 2 1.9
v 0.1 2.2 1.9
v 0.1 2.3 1.9
v 0.1 2.4 1.9
v 0.2 2.2 1.9
v 0.2 2.3 1.9
v 0.2 2.4 1.9
v 0.2 2.5 1.9
v 0.3 2.2 1.9
v 0.3 2.3 1.9
v 0.3 2.4 1.9
v 0.3 2.5 1.9
v 0.4 2.2 1.9
v 0.4 2.3 1.9
v 0.4 2.4 1.9
v 0.4 2.5 1.9
v 0.5 2.2 1.9
v 0.5 2.3 1.9
v 0.5 2.4 1.9
v 0.5 2.5 1.9
v 0.6 2 1.9
v 0.6 2.2 1.9
v 0.6 2.3 1.9
v 0.6 2.4 1.9
v 0.7 2.2 1.9
v 0.7 2.3 1.9
v 0.7 2.4 1.9
v 0.7 2.5 1.9
v 1.6 1.1 1.9
v 1.6 1.3 1.9
v 1.6 1.4 1.9
v 1.6 1.5 1.9
v 1.7 1.3 1.9
v 1.7 1.4 1.9
v 1.7 1.5 1.9
v 1.7 1.6 1.9
v 1.8 1.3 1.9
v 1.8 1.4 1.9
v 1.8 1.5 1.9
v 1.8 1.6 1.9
v 1.9 1.1 1.9
v 1.9 1.3 1.9
v 1.9 1.4 1.9
v 1.9 1.5 1.9
v 1.5 1.1 1.8
v 1.5 1.5 1.8
v 1.6 1.1 1.8
v 1.6 1.5 1.8
v 1.9 1.3 1.8
v 1.9 1.4 1.8
v 1.9 1.5 1.8
v 1.9 1.6 1.8
v 2 1.3 1.8
v 2 1.4 1.8
v 2 1.5 1.8
v 2 1.6 1.8
v 2.38419e-07 2.2 1.7
v 2.38419e-07 2.3 1.7
v 2.38419e-07 2.4 1.7
v 2.38419e-07 2.5 1.7
v 0.1 2.2 1.7
v 0.1 2.3 1.7
v 0.1 2.4 1.7
v 0.1 2.5 1.7
v 0.6 2.2 1.7
v 0.6 2.3 1.7
v 0.6 2.4 1.7
v 0.6 2.5 1.7
v 0.7 2.2 1.7
v 0.7 2.3 1.7
v 0.7 2.4 1.7
v 0.7 2.5 1.7
v 1.5 2 1.6
v 1.5 2.1 1.6
v 1.9 1.3 1.6
v 1.9 1.4 1.6
v 1.9 1.5 1.6
v 1.9 1.6 1.6
v 2 1.3 1.6
v 2 1.4 1.6
v 2 1.5 1.6
v 2 1.6 1.6
v 2 2 1.6
v 2 2.1 1.6
v -1.6 0.6 1.5
v -1.6 0.7 1.5
v -1.5 0.6 1.5
v -1.5 0.7 1.5
v -1.3 0.6 1.5
v -1.3 0.7 1.5
v -1.2 0.6 1.5
v -1.2 0.7 1.5
v 2.38419e-07 2 1.5
v 2.38419e-07 2.6 1.5
v 2.38419e-07 2.7 1.5
v 0.1 2.7 1.5
v 0.1 2.8 1.5
v 0.2 2 1.5
v 0.2 2.4 1.5
v 0.2 2.8 1.5
v 0.2 2.9 1.5
v 0.3 2.9 1.5
v 0.3 3 1.5
v 0.4 2.9 1.5
v 0.4 3 1.5
v 0.5 2 1.5
v 0.5 2.4 1.5
v 0.5 2.8 1.5
v 0.5 2.9 1.5
v 0.6 2.7 1.5
v 0.6 2.8 1.5
v 0.7 2 1.5
v 0.7 2.6 1.5
v 0.7 2.7 1.5
v 1.5 1.9 1.5
v 1.5 2 1.5
v 2 1.9 1.5
v 2 2 1.5
v -1.5 0.7 1.4
v -1.5 0.9 1.4
v -1.5 1 1.4
v -1.5 1.1 1.4
v -1.4 0.9 1.4
v -1.4 1 1.4
v -1.4 1.1 1.4
v -1.4 1.2 1.4
v -1.3 0.9 1.4
v -1.3 1 1.4
v -1.3 1.1 1.4
v -1.3 1.2 1.4
v -1.2 0.7 1.4
v -1.2 0.9 1.4
v -1.2 1 1.4
v -1.2 1.1 1.4
v 1.5 1.8 1.4
v 1.5 1.9 1.4
v 2 1.8 1.4
v 2 1.9 1.4
v -1.6 0.7 1.3
v -1.6 1.1 1.3
v -1.5 0.7 1.3
v -1.5 1.1 1.3
v 1.5 1.7 1.3
v 1.5 1.8 1.3
v 1.6 1.6 1.3
v 1.6 1.7 1.3
v 1.7 1.5 1.3
v 1.7 1.6 1.3
v 2 1.5 1.3
v 2 1.7 1.3
v 2 1.8 1.3
v -1.6 1.6 1.1
v -1.6 1.7 1.1
v -1.1 1.6 1.1
v -1.1 1.7 1.1
v -1.6 0.6 1
v -1.6 0.7 1
v -1.6 1.5 1
v -1.6 1.6 1
v -1.5 0.6 1
v -1.5 0.7 1
v -1.1 1.5 1
v -1.1 1.6 1
v 0.1 1.1 1
v 0.1 1.9 1
v 0.1 2 1
v 0.7 1.1 1
v 0.7 1.7 1
v 1 1.1 1
v 1 1.7 1
v 1.2 1.9 1
v 1.2 2 1
v 1.3 1.9 1
v 1.3 2 1
v 1.4 1.8 1
v 1.4 1.9 1
v 1.5 1.7 1
v 1.5 1.8 1
v 1.6 1.6 1
v 1.6 1.7 1
v 1.7 1.1 1
v 1.7 1.4 1
v 1.7 1.5 1
v 1.7 1.6 1
v 2 1.4 1
v 2 1.5 1
v -1.6 1.4 0.9
v -1.6 1.5 0.9
v -1.5 0.6 0.9
v -1.5 0.7 0.9
v -1.2 0.6 0.9
v -1.2 0.7 0.9
v -1.1 1.4 0.9
v -1.1 1.5 0.9
v 1.7 1.3 0.9
v 1.7 1.4 0.9
v 2 1.3 0.9
v 2 1.4 0.9
v -1.5 0.7 0.8
v -1.5 1.2 0.8
v -1.2 0.7 0.8
v -1.2 1.2 0.8
v 1.7 1.2 0.8
v 1.7 1.3 0.8
v 2 1.2 0.8
v 2 1.3 0.8
v -1.6 0.7 0.7
v -1.6 1.1 0.7
v -1.5 0.7 0.7
v -1.5 1.1 0.7
v 1.7 1.1 0.7
v 1.7 1.2 0.7
v 2 1.1 0.7
v 2 1.2 0.7
v -1.6 1.6 0.5
v -1.6 1.7 0.5
v -1.1 1.6 0.5
v -1.1 1.7 0.5
v -1.6 1.5 0.4
v -1.6 1.6 0.4
v -1.1 1.5 0.4
v -1.1 1.6 0.4
v 0.6 1 0.4
v 0.6 1.1 0.4
v 0.9 0.6 0.4
v 0.9 1 0.4
v 1.4 0.6 0.4
v 1.4 1 0.4
v 1.4 1.1 0.4
v -1.6 1.4 0.3
v -1.6 1.5 0.3
v -1.1 1.4 0.3
v -1.1 1.5 0.3
v 0.6 0.9 0.3
v 0.6 1 0.3
v 0.9 0.9 0.3
v 0.9 1 0.3
v -1.6 0.7 0.2
v -1.6 1.3 0.2
v -1.6 1.4 0.2
v -1.5 0.9 0.2
v -1.5 1 0.2
v -1.5 1.1 0.2
v -1.5 1.2 0.2
v -1.4 0.9 0.2
v -1.4 1 0.2
v -1.4 1.1 0.2
v -1.4 1.2 0.2
v -1.3 0.9 0.2
v -1.3 1 0.2
v -1.3 1.1 0.2
v -1.3 1.2 0.2
v -1.2 0.9 0.2
v -1.2 1 0.2
v -1.2 1.1 0.2
v -1.2 1.2 0.2
v -1.1 0.7 0.2
v -1.1 1.3 0.2
v -1.1 1.4 0.2
v -1 3.1 0.2
v -1 3.3 0.2
v -1 3.5 0.2
v -1 3.6 0.2
v -0.8 3.3 0.2
v -0.8 3.5 0.2
v -0.7 3.1 0.2
v -0.7 3.5 0.2
v -0.3 3.1 0.2
v -0.3 3.5 0.2
v -0.2 3.3 0.2
v -0.2 3.5 0.2
v 2.38419e-07 3.1 0.2
v 2.38419e-07 3.3 0.2
v 2.38419e-07 3.5 0.2
v 2.38419e-07 3.6 0.2
v 0.6 0.8 0.2
v 0.6 0.9 0.2
v 0.9 0.8 0.2
v 0.9 0.9 0.2
v -1.1 3.3 0.0999999
v -1.1 3.5 0.0999999
v -1 3.3 0.0999999
v -1 3.5 0.0999999
v -0.3 0.8 0.0999999
v -0.3 1.6 0.0999999
v -0.2 0.8 0.0999999
v -0.2 0.9 0.0999999
v -0.0999999 0.9 0.0999999
v -0.0999999 1 0.0999999
v 2.38419e-07 1 0.0999999
v 2.38419e-07 1.1 0.0999999
v 2.38419e-07 3.3 0.0999999
v 2.38419e-07 3.5 0.0999999
v 0.1 1.1 0.0999999
v 0.1 1.6 0.0999999
v 0.1 3.3 0.0999999
v 0.1 3.5 0.0999999
v 0.6 0.7 0.0999999
v 0.6 0.8 0.0999999
v 0.9 0.7 0.0999999
v 0.9 0.8 0.0999999
v 0.6 0.6 -2.38419e-07
v 0.6 0.7 -2.38419e-07
v 0.9 0.6 -2.38419e-07
v 0.9 0.7 -2.38419e-07
v -2 0.6 -0.1
v -2 0.7 -0.1
v -1.7 0.6 -0.1
v -1.7 0.7 -0.1
v -2 0.5 -0.2
v -2 0.6 -0.2
v -1.7 0.5 -0.2
v -1.7 0.6 -0.2
v -2 0.4 -0.3
v -2 0.5 -0.3
v -1.7 0.4 -0.3
v -1.7 0.5 -0.3
v -1.1 3 -0.3
v -1.1 3.1 -0.3
v -1.1 3.7 -0.3
v -1.1 3.8 -0.3
v -1 3.3 -0.3
v -1 3.5 -0.3
v -0.9 3.3 -0.3
v -0.9 3.5 -0.3
v -0.9 3.8 -0.3
v -0.9 3.9 -0.3
v -0.8 3 -0.3
v -0.8 3.1 -0.3
v -0.8 3.7 -0.3
v -0.8 3.9 -0.3
v -0.2 3 -0.3
v -0.2 3.1 -0.3
v -0.2 3.7 -0.3
v -0.2 3.9 -0.3
v -0.0999999 3.3 -0.3
v -0.0999999 3.5 -0.3
v -0.0999999 3.8 -0.3
v -0.0999999 3.9 -0.3
v 2.38419e-07 3.3 -0.3
v 2.38419e-07 3.5 -0.3
v 0.1 3 -0.3
v 0.1 3.1 -0.3
v 0.1 3.7 -0.3
v 0.1 3.8 -0.3
v -2 0.3 -0.4
v -2 0.4 -0.4
v -1.7 0.3 -0.4
v -1.7 0.4 -0.4
v -1.1 2.9 -0.4
v -1.1 3 -0.4
v -0.9 2.9 -0.4
v -0.9 3 -0.4
v -0.8 3.3 -0.4
v -0.8 3.5 -0.4
v -0.7 3.3 -0.4
v -0.7 3.5 -0.4
v -0.3 3.3 -0.4
v -0.3 3.5 -0.4
v -0.2 3.3 -0.4
v -0.2 3.5 -0.4
v -0.0999999 2.9 -0.4
v -0.0999999 3 -0.4
v 0.1 2.9 -0.4
v 0.1 3 -0.4
v -2 0.2 -0.5
v -2 0.3 -0.5
v -1.7 0.2 -0.5
v -1.7 0.3 -0.5
v -1.1 2.8 -0.5
v -1.1 2.9 -0.5
v -1 2.8 -0.5
v -1 2.9 -0.5
v 2.38419e-07 2.8 -0.5
v 2.38419e-07 2.9 -0.5
v 0.1 2.8 -0.5
v 0.1 2.9 -0.5
v -2 0.1 -0.6
v -2 0.2 -0.6
v -1.7 0.2 -0.6
v -1.7 0.6 -0.6
v -1.7 0.7 -0.6
v -1.1 0.1 -0.6
v -1.1 0.2 -0.6
v -1.1 0.6 -0.6
v -1.1 0.7 -0.6
v -1.1 2.7 -0.6
v -1.1 2.8 -0.6
v -1 0.2 -0.6
v -1 0.3 -0.6
v -1 2.8 -0.6
v -1 2.9 -0.6
v -0.9 0.3 -0.6
v -0.9 0.4 -0.6
v -0.9 2.9 -0.6
v -0.9 3 -0.6
v -0.8 0.4 -0.6
v -0.8 0.5 -0.6
v -0.8 3 -0.6
v -0.8 3.1 -0.6
v -0.8 3.7 -0.6
v -0.8 3.9 -0.6
v -0.7 0.5 -0.6
v -0.7 0.6 -0.6
v -0.7 3.9 -0.6
v -0.7 4 -0.6
v -0.6 0.6 -0.6
v -0.6 0.7 -0.6
v -0.6 1.6 -0.6
v -0.6 3.3 -0.6
v -0.6 3.5 -0.6
v -0.4 3.3 -0.6
v -0.4 3.5 -0.6
v -0.3 0.1 -0.6
v -0.3 0.6 -0.6
v -0.3 0.7 -0.6
v -0.3 1.6 -0.6
v -0.3 3.9 -0.6
v -0.3 4 -0.6
v -0.2 3 -0.6
v -0.2 3.1 -0.6
v -0.2 3.7 -0.6
v -0.2 3.9 -0.6
v -0.0999999 2.9 -0.6
v -0.0999999 3 -0.6
v 2.38419e-07 2.8 -0.6
v 2.38419e-07 2.9 -0.6
v 0.1 0.1 -0.6
v 0.1 1 -0.6
v 0.1 1.1 -0.6
v 0.1 2.7 -0.6
v 0.1 2.8 -0.6
v 0.1 0.1 -0.7
v 0.1 0.6 -0.7
v 0.6 0.5 -0.7
v 0.6 0.6 -0.7
v 0.7 0.1 -0.7
v 0.7 0.2 -0.7
v 0.8 0.2 -0.7
v 0.8 0.3 -0.7
v 0.9 0.3 -0.7
v 0.9 0.4 -0.7
v 1 0.4 -0.7
v 1 0.5 -0.7
v 1.1 0.5 -0.7
v 1.1 0.6 -0.7
v -1.1 0.1 -0.9
v -1.1 0.2 -0.9
v -1 0.1 -0.9
v -1 0.2 -0.9
v -1 0.3 -1
v -1 0.4 -1
v -1 0.5 -1
v -1 0.6 -1
v -0.9 0.1 -1
v -0.9 0.3 -1
v -0.9 0.4 -1
v -0.9 0.5 -1
v -0.4 0.1 -1
v -0.4 0.3 -1
v -0.4 0.4 -1
v -0.4 0.5 -1
v -0.3 0.3 -1
v -0.3 0.4 -1
v -0.3 0.5 -1
v -0.3 0.6 -1
v 0.2 1.1 -1.1
v 0.2 1.3 -1.1
v 0.2 1.4 -1.1
v 0.2 1.5 -1.1
v 0.3 1.3 -1.1
v 0.3 1.4 -1.1
v 0.3 1.5 -1.1
v 0.3 1.6 -1.1
v 0.4 1.3 -1.1
v 0.4 1.4 -1.1
v 0.4 1.5 -1.1
v 0.4 1.6 -1.1
v 0.5 1.1 -1.1
v 0.5 1.3 -1.1
v 0.5 1.4 -1.1
v 0.5 1.5 -1.1
v -1 0.3 -1.2
v -1 0.4 -1.2
v -1 0.5 -1.2
v -1 0.6 -1.2
v -0.9 0.3 -1.2
v -0.9 0.4 -1.2
v -0.9 0.5 -1.2
v -0.9 0.6 -1.2
v -0.4 0.3 -1.2
v -0.4 0.4 -1.2
v -0.4 0.5 -1.2
v -0.4 0.6 -1.2
v -0.3 0.3 -1.2
v -0.3 0.4 -1.2
v -0.3 0.5 -1.2
v -0.3 0.6 -1.2
v 0.1 1.3 -1.2
v 0.1 1.4 -1.2
v 0.1 1.5 -1.2
v 0.1 1.6 -1.2
v 0.2 1.3 -1.2
v 0.2 1.4 -1.2
v 0.2 1.5 -1.2
v 0.2 1.6 -1.2
v 0.5 1.1 -1.2
v 0.5 1.5 -1.2
v 0.6 1.1 -1.2
v 0.6 1.5 -1.2
v -1.9 0.1 -1.4
v -1.9 0.3 -1.4
v -1.9 0.4 -1.4
v -1.9 0.5 -1.4
v -1.8 0.3 -1.4
v -1.8 0.4 -1.4
v -1.8 0.5 -1.4
v -1.8 0.6 -1.4
v -1.7 0.3 -1.4
v -1.7 0.4 -1.4
v -1.7 0.5 -1.4
v -1.7 0.6 -1.4
v -1.6 0.1 -1.4
v -1.6 0.3 -1.4
v -1.6 0.4 -1.4
v -1.6 0.5 -1.4
v -1 0.1 -1.4
v -1 0.7 -1.4
v -1 0.8 -1.4
v -0.9 0.8 -1.4
v -0.9 0.9 -1.4
v -0.8 0.1 -1.4
v -0.8 0.5 -1.4
v -0.8 0.9 -1.4
v -0.8 1 -1.4
v -0.7 1 -1.4
v -0.7 1.1 -1.4
v -0.6 1 -1.4
v -0.6 1.1 -1.4
v -0.5 0.1 -1.4
v -0.5 0.5 -1.4
v -0.5 0.9 -1.4
v -0.5 1 -1.4
v -0.4 0.8 -1.4
v -0.4 0.9 -1.4
v -0.3 0.1 -1.4
v -0.3 0.7 -1.4
v -0.3 0.8 -1.4
v 0.1 1.3 -1.4
v 0.1 1.4 -1.4
v 0.1 1.5 -1.4
v 0.1 1.6 -1.4
v 0.1 2 -1.4
v 0.1 2.1 -1.4
v 0.2 1.3 -1.4
v 0.2 1.4 -1.4
v 0.2 1.5 -1.4
v 0.2 1.6 -1.4
v 0.6 2 -1.4
v 0.6 2.1 -1.4
v 1.6 1.1 -1.4
v 1.6 1.3 -1.4
v 1.6 1.4 -1.4
v 1.6 1.5 -1.4
v 1.7 1.3 -1.4
v 1.7 1.4 -1.4
v 1.7 1.5 -1.4
v 1.7 1.6 -1.4
v 1.8 1.3 -1.4
v 1.8 1.4 -1.4
v 1.8 1.5 -1.4
v 1.8 1.6 -1.4
v 1.9 1.1 -1.4
v 1.9 1.3 -1.4
v 1.9 1.4 -1.4
v 1.9 1.5 -1.4
v -2 0.3 -1.5
v -2 0.4 -1.5
v -2 0.5 -1.5
v -2 0.6 -1.5
v -1.9 0.3 -1.5
v -1.9 0.4 -1.5
v -1.9 0.5 -1.5
v -1.9 0.6 -1.5
v -1.6 0.1 -1.5
v -1.6 0.5 -1.5
v -1.5 0.1 -1.5
v -1.5 0.5 -1.5
v 0.1 1.9 -1.5
v 0.1 2 -1.5
v 0.6 1.9 -1.5
v 0.6 2 -1.5
v 1.5 1.1 -1.5
v 1.5 1.5 -1.5
v 1.6 1.1 -1.5
v 1.6 1.5 -1.5
v 1.9 1.3 -1.5
v 1.9 1.4 -1.5
v 1.9 1.5 -1.5
v 1.9 1.6 -1.5
v 2 1.3 -1.5
v 2 1.4 -1.5
v 2 1.5 -1.5
v 2 1.6 -1.5
v 0.1 1.8 -1.6
v 0.1 1.9 -1.6
v 0.6 1.8 -1.6
v 0.6 1.9 -1.6
v -2 0.3 -1.7
v -2 0.4 -1.7
v -2 0.5 -1.7
v -2 0.6 -1.7
v -2 1 -1.7
v -2 1.1 -1.7
v -1.9 0.3 -1.7
v -1.9 0.4 -1.7
v -1.9 0.5 -1.7
v -1.9 0.6 -1.7
v -1.5 1 -1.7
v -1.5 1.1 -1.7
v 0.1 0.2 -1.7
v 0.1 1 -1.7
v 0.1 1.1 -1.7
v 0.1 1.7 -1.7
v 0.1 1.8 -1.7
v 0.2 0.2 -1.7
v 0.2 0.3 -1.7
v 0.2 1.3 -1.7
v 0.2 1.4 -1.7
v 0.2 1.5 -1.7
v 0.2 1.6 -1.7
v 0.3 0.3 -1.7
v 0.3 0.4 -1.7
v 0.3 1.3 -1.7
v 0.3 1.4 -1.7
v 0.3 1.5 -1.7
v 0.3 1.6 -1.7
v 0.4 0.4 -1.7
v 0.4 0.5 -1.7
v 0.4 1.3 -1.7
v 0.4 1.4 -1.7
v 0.4 1.5 -1.7
v 0.4 1.6 -1.7
v 0.5 0.5 -1.7
v 0.5 0.6 -1.7
v 0.5 1.3 -1.7
v 0.5 1.4 -1.7
v 0.5 1.5 -1.7
v 0.5 1.6 -1.7
v 0.6 0.6 -1.7
v 0.6 0.7 -1.7
v 0.6 1.1 -1.7
v 0.6 1.7 -1.7
v 0.6 1.8 -1.7
v 0.7 0.7 -1.7
v 0.7 0.8 -1.7
v 0.8 0.8 -1.7
v 0.8 0.9 -1.7
v 0.9 0.9 -1.7
v 0.9 1 -1.7
v 1 1 -1.7
v 1 1.1 -1.7
v 1.5 2 -1.7
v 1.5 2.1 -1.7
v 1.9 1.3 -1.7
v 1.9 1.4 -1.7
v 1.9 1.5 -1.7
v 1.9 1.6 -1.7
v 2 1.3 -1.7
v 2 1.4 -1.7
v 2 1.5 -1.7
v 2 1.6 -1.7
v 2 2 -1.7
v 2 2.1 -1.7
v -2 0.9 -1.8
v -2 1 -1.8
v -1.5 0.9 -1.8
v -1.5 1 -1.8
v 1.5 1.9 -1.8
v 1.5 2 -1.8
v 2 1.9 -1.8
v 2 2 -1.8
v -2 0.8 -1.9
v -2 0.9 -1.9
v -1.5 0.8 -1.9
v -1.5 0.9 -1.9
v 1.5 1.8 -1.9
v 1.5 1.9 -1.9
v 2 1.8 -1.9
v 2 1.9 -1.9
v -2 0 -2
v -2 0.1 -2
v -2 0.7 -2
v -2 0.8 -2
v -1.9 0.3 -2
v -1.9 0.4 -2
v -1.9 0.5 -2
v -1.9 0.6 -2
v -1.8 0.3 -2
v -1.8 0.4 -2
v -1.8 0.5 -2
v -1.8 0.6 -2
v -1.7 0.3 -2
v -1.7 0.4 -2
v -1.7 0.5 -2
v -1.7 0.6 -2
v -1.6 0.3 -2
v -1.6 0.4 -2
v -1.6 0.5 -2
v -1.6 0.6 -2
v -1.5 0.1 -2
v -1.5 0.7 -2
v -1.5 0.8 -2
v 0.1 0 -2
v 0.1 0.1 -2
v 0.1 0.2 -2
v 0.2 0.2 -2
v 0.2 0.3 -2
v 0.3 0.3 -2
v 0.3 0.4 -2
v 0.4 0.4 -2
v 0.4 0.5 -2
v 0.5 0.5 -2
v 0.5 0.6 -2
v 0.6 0.6 -2
v 0.6 0.7 -2
v 0.7 0.7 -2
v 0.7 0.8 -2
v 0.8 0.8 -2
v 0.8 0.9 -2
v 0.9 0.9 -2
v 0.9 1 -2
v 1 1 -2
v 1 1.1 -2
v 1.5 1.1 -2
v 1.5 1.7 -2
v 1.5 1.8 -2
v 1.6 1.3 -2
v 1.6 1.4 -2
v 1.6 1.5 -2
v 1.6 1.6 -2
v 1.7 1.3 -2
v 1.7 1.4 -2
v 1.7 1.5 -2
v 1.7 1.6 -2
v 1.8 1.3 -2
v 1.8 1.4 -2
v 1.8 1.5 -2
v 1.8 1.6 -2
v 1.9 1.3 -2
v 1.9 1.4 -2
v 1.9 1.5 -2
v 1.9 1.6 -2
v 2 0 -2
v 2 1 -2
v 2 1.1 -2
v 2 1.7 -2
v 2 1.8 -2
v -2 0 2
v 2 0 2
v -2 0 -0.6
v 0.1 0 -0.6
v 0.1 0 -0.7
v 0.7 0 -0.7
v -0.9 0 -1
v -0.4 0 -1
v 0.6 0 -1
v 0.7 0 -1
v -0.5 0 -1.3
v -0.4 0 -1.3
v -1.9 0 -1.4
v -1.6 0 -1.4
v -0.9 0 -1.4
v -0.5 0 -1.4
v -1.6 0 -1.5
v -1.5 0 -1.5
v -1.9 0 -1.9
v -1.5 0 -1.9
v 0.1 0 -1.9
v 0.6 0 -1.9
v -2 0 -2
v 0.1 0 -2
v 2 0 -2
v -1 0.4 -1
v -0.9 0.4 -1
v -0.4 0.4 -1
v -0.3 0.4 -1
v -1 0.4 -1.1
v -0.9 0.4 -1.1
v -0.4 0.4 -1.1
v -0.3 0.4 -1.1
v -1 0.4 -1.2
v -0.9 0.4 -1.2
v -0.4 0.4 -1.2
v -0.3 0.4 -1.2
v -1.9 0.4 -1.3
v -1.8 0.4 -1.3
v -1.7 0.4 -1.3
v -1.6 0.4 -1.3
v -1 0.4 -1.3
v -0.9 0.4 -1.3
v -0.4 0.4 -1.3
v -0.3 0.4 -1.3
v -1.9 0.4 -1.4
v -1.8 0.4 -1.4
v -1.7 0.4 -1.4
v -1.6 0.4 -1.4
v -2 0.4 -1.5
v -1.9 0.4 -1.5
v -2 0.4 -1.6
v -1.9 0.4 -1.6
v -2 0.4 -1.7
v -1.9 0.4 -1.7
v -2 0.4 -1.8
v -1.9 0.4 -1.8
v -1.9 0.4 -1.9
v -1.8 0.4 -1.9
v -1.7 0.4 -1.9
v -1.6 0.4 -1.9
v -1.9 0.4 -2
v -1.8 0.4 -2
v -1.7 0.4 -2
v -1.6 0.4 -2
v -0.8 0.5 -1.3
v -0.5 0.5 -1.3
v -0.8 0.5 -1.4
v -0.5 0.5 -1.4
v -1.6 0.5 -1.5
v -1.5 0.5 -1.5
v -1.6 0.5 -1.8
v -1.5 0.5 -1.8
v 0.1 0.6 -0.7
v 0.6 0.6 -0.7
v -1 0.6 -1
v -0.3 0.6 -1
v 0.1 0.6 -1
v 0.6 0.6 -1
v -1 0.6 -1.1
v -0.9 0.6 -1.1
v -0.4 0.6 -1.1
v -0.3 0.6 -1.1
v -1 0.6 -1.2
v -0.9 0.6 -1.2
v -0.4 0.6 -1.2
v -0.3 0.6 -1.2
v -1.9 0.6 -1.3
v -1.8 0.6 -1.3
v -1.7 0.6 -1.3
v -1.6 0.6 -1.3
v -1 0.6 -1.3
v -0.3 0.6 -1.3
v -1.8 0.6 -1.4
v -1.7 0.6 -1.4
v -2 0.6 -1.5
v -1.9 0.6 -1.5
v -2 0.6 -1.6
v -1.9 0.6 -1.6
v -2 0.6 -1.7
v -1.9 0.6 -1.7
v -2 0.6 -1.8
v -1.9 0.6 -1.8
v -1.8 0.6 -1.9
v -1.7 0.6 -1.9
v -1.9 0.6 -2
v -1.8 0.6 -2
v -1.7 0.6 -2
v -1.6 0.6 -2
v -1.6 0.7 1.5
v -1.5 0.7 1.5
v -1.3 0.7 1.5
v -1.2 0.7 1.5
v -1.6 0.7 1.4
v -1.5 0.7 1.4
v -1.3 0.7 1.4
v -1.2 0.7 1.4
v -1.6 0.7 1
v -1.5 0.7 1
v -1.5 0.7 0.9
v -1.2 0.7 0.9
v -1.6 0.7 0.8
v -1.2 0.7 0.8
v -1.5 1 1.5
v -1.4 1 1.5
v -1.3 1 1.5
v -1.2 1 1.5
v -1.5 1 1.4
v -1.4 1 1.4
v -1.3 1 1.4
v -1.2 1 1.4
v -1.5 1 0.3
v -1.4 1 0.3
v -1.3 1 0.3
v -1.2 1 0.3
v -1.5 1 0.2
v -1.4 1 0.2
v -1.3 1 0.2
v -1.2 1 0.2
v -1.6 1.1 1.3
v -1.5 1.1 1.3
v -1.6 1.1 1
v -1.5 1.1 1
v -1.6 1.1 0.7
v -1.5 1.1 0.7
v -1.6 1.1 0.4
v -1.5 1.1 0.4
v -1.5 1.2 1.5
v -1.4 1.2 1.5
v -1.3 1.2 1.5
v -1.2 1.2 1.5
v -1.4 1.2 1.4
v -1.3 1.2 1.4
v -1.5 1.2 0.9
v -1.2 1.2 0.9
v -1.5 1.2 0.8
v -1.2 1.2 0.8
v -1.4 1.2 0.3
v -1.3 1.2 0.3
v -1.5 1.2 0.2
v -1.4 1.2 0.2
v -1.3 1.2 0.2
v -1.2 1.2 0.2
v 1.6 1.4 2
v 1.7 1.4 2
v 1.8 1.4 2
v 1.9 1.4 2
v 1.6 1.4 1.9
v 1.7 1.4 1.9
v 1.8 1.4 1.9
v 1.9 1.4 1.9
v 1.9 1.4 1.8
v 2 1.4 1.8
v 1.9 1.4 1.7
v 2 1.4 1.7
v 1.9 1.4 1.6
v 2 1.4 1.6
v 1.9 1.4 1.5
v 2 1.4 1.5
v 0.2 1.4 -1
v 0.3 1.4 -1
v 0.4 1.4 -1
v 0.5 1.4 -1
v 0.2 1.4 -1.1
v 0.3 1.4 -1.1
v 0.4 1.4 -1.1
v 0.5 1.4 -1.1
v 0.1 1.4 -1.2
v 0.2 1.4 -1.2
v 0.1 1.4 -1.3
v 0.2 1.4 -1.3
v 1.6 1.4 -1.3
v 1.7 1.4 -1.3
v 1.8 1.4 -1.3
v 1.9 1.4 -1.3
v 0.1 1.4 -1.4
v 0.2 1.4 -1.4
v 1.6 1.4 -1.4
v 1.7 1.4 -1.4
v 1.8 1.4 -1.4
v 1.9 1.4 -1.4
v 0.1 1.4 -1.5
v 0.2 1.4 -1.5
v 1.9 1.4 -1.5
v 2 1.4 -1.5
v 0.2 1.4 -1.6
v 0.3 1.4 -1.6
v 0.4 1.4 -1.6
v 0.5 1.4 -1.6
v 1.9 1.4 -1.6
v 2 1.4 -1.6
v 0.2 1.4 -1.7
v 0.3 1.4 -1.7
v 0.4 1.4 -1.7
v 0.5 1.4 -1.7
v 1.9 1.4 -1.7
v 2 1.4 -1.7
v 1.9 1.4 -1.8
v 2 1.4 -1.8
v 1.6 1.4 -1.9
v 1.7 1.4 -1.9
v 1.8 1.4 -1.9
v 1.9 1.4 -1.9
v 1.6 1.4 -2
v 1.7 1.4 -2
v 1.8 1.4 -2
v 1.9 1.4 -2
v 1.5 1.5 1.8
v 1.6 1.5 1.8
v 1.5 1.5 1.5
v 1.6 1.5 1.5
v 0.5 1.5 -1.2
v 0.6 1.5 -1.2
v 0.5 1.5 -1.5
v 0.6 1.5 -1.5
v 1.5 1.5 -1.5
v 1.6 1.5 -1.5
v 1.5 1.5 -1.8
v 1.6 1.5 -1.8
v -1.1 1.6 2
v -0.3 1.6 2
v 1.6 1.6 2
v 1.7 1.6 2
v 1.8 1.6 2
v 1.9 1.6 2
v 1.7 1.6 1.9
v 1.8 1.6 1.9
v 1.9 1.6 1.8
v 2 1.6 1.8
v -1.1 1.6 1.7
v -0.6 1.6 1.7
v 1.9 1.6 1.7
v 2 1.6 1.7
v 1.9 1.6 1.6
v 2 1.6 1.6
v 1.9 1.6 1.5
v 2 1.6 1.5
v 1.6 1.6 1.4
v 1.9 1.6 1.4
v -0.3 1.6 0.0999999
v 0.1 1.6 0.0999999
v -0.3 1.6 -0.2
v 0.1 1.6 -0.2
v -0.6 1.6 -0.6
v -0.3 1.6 -0.6
v 0.2 1.6 -1
v 0.3 1.6 -1
v 0.4 1.6 -1
v 0.5 1.6 -1
v 0.3 1.6 -1.1
v 0.4 1.6 -1.1
v 0.1 1.6 -1.2
v 0.2 1.6 -1.2
v 0.1 1.6 -1.3
v 0.2 1.6 -1.3
v 1.6 1.6 -1.3
v 1.7 1.6 -1.3
v 1.8 1.6 -1.3
v 1.9 1.6 -1.3
v 0.1 1.6 -1.4
v 0.2 1.6 -1.4
v 1.7 1.6 -1.4
v 1.8 1.6 -1.4
v 0.1 1.6 -1.5
v 0.2 1.6 -1.5
v 1.9 1.6 -1.5
v 2 1.6 -1.5
v 0.3 1.6 -1.6
v 0.4 1.6 -1.6
v 1.9 1.6 -1.6
v 2 1.6 -1.6
v 0.2 1.6 -1.7
v 0.3 1.6 -1.7
v 0.4 1.6 -1.7
v 0.5 1.6 -1.7
v 1.9 1.6 -1.7
v 2 1.6 -1.7
v 1.9 1.6 -1.8
v 2 1.6 -1.8
v 1.7 1.6 -1.9
v 1.8 1.6 -1.9
v 1.6 1.6 -2
v 1.7 1.6 -2
v 1.8 1.6 -2
v 1.9 1.6 -2
v 0.7 1.7 1.3
v 1 1.7 1.3
v 0.7 1.7 1
v 1 1.7 1
v 0.2 2.3 2
v 0.3 2.3 2
v 0.4 2.3 2
v 0.5 2.3 2
v 2.38419e-07 2.3 1.9
v 0.1 2.3 1.9
v 0.2 2.3 1.9
v 0.3 2.3 1.9
v 0.4 2.3 1.9
v 0.5 2.3 1.9
v 0.6 2.3 1.9
v 0.7 2.3 1.9
v 2.38419e-07 2.3 1.8
v 0.1 2.3 1.8
v 0.6 2.3 1.8
v 0.7 2.3 1.8
v 2.38419e-07 2.3 1.7
v 0.1 2.3 1.7
v 0.6 2.3 1.7
v 0.7 2.3 1.7
v 2.38419e-07 2.3 1.6
v 0.1 2.3 1.6
v 0.6 2.3 1.6
v 0.7 2.3 1.6
v 0.2 2.4 1.6
v 0.5 2.4 1.6
v 0.2 2.4 1.5
v 0.5 2.4 1.5
v 0.2 2.5 2
v 0.3 2.5 2
v 0.4 2.5 2
v 0.5 2.5 2
v 2.38419e-07 2.5 1.9
v 0.2 2.5 1.9
v 0.3 2.5 1.9
v 0.4 2.5 1.9
v 0.5 2.5 1.9
v 0.7 2.5 1.9
v 2.38419e-07 2.5 1.8
v 0.1 2.5 1.8
v 0.6 2.5 1.8
v 0.7 2.5 1.8
v 2.38419e-07 2.5 1.7
v 0.1 2.5 1.7
v 0.6 2.5 1.7
v 0.7 2.5 1.7
v 2.38419e-07 2.5 1.6
v 0.7 2.5 1.6
v -1 3.5 0.3
v -0.8 3.5 0.3
v -0.7 3.5 0.3
v -0.3 3.5 0.3
v -0.2 3.5 0.3
v 2.38419e-07 3.5 0.3
v -1 3.5 0.2
v -0.8 3.5 0.2
v -0.7 3.5 0.2
v -0.3 3.5 0.2
v -0.2 3.5 0.2
v 2.38419e-07 3.5 0.2
v -1.1 3.5 0.0999999
v -1 3.5 0.0999999
v 2.38419e-07 3.5 0.0999999
v 0.1 3.5 0.0999999
v -1.1 3.5 -0.1
v -1 3.5 -0.1
v 2.38419e-07 3.5 -0.1
v 0.1 3.5 -0.1
v -1 3.5 -0.2
v -0.9 3.5 -0.2
v -0.0999999 3.5 -0.2
v 2.38419e-07 3.5 -0.2
v -1 3.5 -0.3
v -0.9 3.5 -0.3
v -0.0999999 3.5 -0.3
v 2.38419e-07 3.5 -0.3
v -0.8 3.5 -0.4
v -0.7 3.5 -0.4
v -0.3 3.5 -0.4
v -0.2 3.5 -0.4
v -0.8 3.5 -0.5
v -0.7 3.5 -0.5
v -0.6 3.5 -0.5
v -0.4 3.5 -0.5
v -0.3 3.5 -0.5
v -0.2 3.5 -0.5
v -0.6 3.5 -0.6
v -0.4 3.5 -0.6
v -1 3.6 0.2
v 2.38419e-07 3.6 0.2
v -1 3.6 -0.2
v -0.7 3.6 -0.2
v -0.3 3.6 -0.2
v 2.38419e-07 3.6 -0.2
v -0.7 3.6 -0.5
v -0.3 3.6 -0.5
v -2 0.1 -0.6
v -1.1 0.1 -0.6
v -0.3 0.1 -0.6
v 0.1 0.1 -0.6
v 0.1 0.1 -0.7
v 0.7 0.1 -0.7
v -1.1 0.1 -0.9
v -1 0.1 -0.9
v -0.3 0.1 -0.9
v -0.9 0.1 -1
v -0.4 0.1 -1
v 0.1 0.1 -1
v 0.7 0.1 -1
v -2 0.1 -1.3
v -1.5 0.1 -1.3
v -0.9 0.1 -1.3
v -0.8 0.1 -1.3
v -0.5 0.1 -1.3
v -0.4 0.1 -1.3
v -1.9 0.1 -1.4
v -1.6 0.1 -1.4
v -1 0.1 -1.4
v -0.8 0.1 -1.4
v -0.5 0.1 -1.4
v -0.3 0.1 -1.4
v -1.6 0.1 -1.5
v -1.5 0.1 -1.5
v -1.6 0.1 -1.8
v -1.5 0.1 -1.8
v -1.9 0.1 -1.9
v -1.6 0.1 -1.9
v -1.5 0.1 -2
v 0.1 0.1 -2
v -2 0.2 -0.5
v -1.7 0.2 -0.5
v -2 0.2 -0.6
v -1.7 0.2 -0.6
v -1.1 0.2 -0.6
v -1 0.2 -0.6
v 0.7 0.2 -0.7
v 0.8 0.2 -0.7
v -1.1 0.2 -0.9
v -1 0.2 -0.9
v 0.7 0.2 -1
v 0.8 0.2 -1
v 0.1 0.2 -1.7
v 0.2 0.2 -1.7
v 0.1 0.2 -2
v 0.2 0.2 -2
v -2 0.3 -0.4
v -1.7 0.3 -0.4
v -2 0.3 -0.5
v -1.7 0.3 -0.5
v -1 0.3 -0.6
v -0.9 0.3 -0.6
v 0.8 0.3 -0.7
v 0.9 0.3 -0.7
v -1 0.3 -0.9
v -0.9 0.3 -0.9
v -1 0.3 -1
v -0.9 0.3 -1
v -0.4 0.3 -1
v -0.3 0.3 -1
v 0.8 0.3 -1
v 0.9 0.3 -1
v -1 0.3 -1.1
v -0.9 0.3 -1.1
v -0.4 0.3 -1.1
v -0.3 0.3 -1.1
v -1 0.3 -1.2
v -0.9 0.3 -1.2
v -0.4 0.3 -1.2
v -0.3 0.3 -1.2
v -1.9 0.3 -1.3
v -1.8 0.3 -1.3
v -1.7 0.3 -1.3
v -1.6 0.3 -1.3
v -1 0.3 -1.3
v -0.9 0.3 -1.3
v -0.4 0.3 -1.3
v -0.3 0.3 -1.3
v -1.9 0.3 -1.4
v -1.8 0.3 -1.4
v -1.7 0.3 -1.4
v -1.6 0.3 -1.4
v -2 0.3 -1.5
v -1.9 0.3 -1.5
v -2 0.3 -1.6
v -1.9 0.3 -1.6
v -2 0.3 -1.7
v -1.9 0.3 -1.7
v 0.2 0.3 -1.7
v 0.3 0.3 -1.7
v -2 0.3 -1.8
v -1.9 0.3 -1.8
v -1.9 0.3 -1.9
v -1.8 0.3 -1.9
v -1.7 0.3 -1.9
v -1.6 0.3 -1.9
v -1.9 0.3 -2
v -1.8 0.3 -2
v -1.7 0.3 -2
v -1.6 0.3 -2
v 0.2 0.3 -2
v 0.3 0.3 -2
v -2 0.4 -0.3
v -1.7 0.4 -0.3
v -2 0.4 -0.4
v -1.7 0.4 -0.4
v -0.9 0.4 -0.6
v -0.8 0.4 -0.6
v 0.9 0.4 -0.7
v 1 0.4 -0.7
v -0.9 0.4 -0.9
v -0.8 0.4 -0.9
v 0.9 0.4 -1
v 1 0.4 -1
v 0.3 0.4 -1.7
v 0.4 0.4 -1.7
v 0.3 0.4 -2
v 0.4 0.4 -2
v -2 0.5 -0.2
v -1.7 0.5 -0.2
v -2 0.5 -0.3
v -1.7 0.5 -0.3
v -0.8 0.5 -0.6
v -0.7 0.5 -0.6
v 1 0.5 -0.7
v 1.1 0.5 -0.7
v -0.8 0.5 -0.9
v -0.7 0.5 -0.9
v -1 0.5 -1
v -0.9 0.5 -1
v -0.4 0.5 -1
v -0.3 0.5 -1
v 1 0.5 -1
v 1.1 0.5 -1
v -1 0.5 -1.1
v -0.9 0.5 -1.1
v -0.4 0.5 -1.1
v -0.3 0.5 -1.1
v -1 0.5 -1.2
v -0.9 0.5 -1.2
v -0.4 0.5 -1.2
v -0.3 0.5 -1.2
v -1.9 0.5 -1.3
v -1.8 0.5 -1.3
v -1.7 0.5 -1.3
v -1.6 0.5 -1.3
v -1 0.5 -1.3
v -0.9 0.5 -1.3
v -0.4 0.5 -1.3
v -0.3 0.5 -1.3
v -1.9 0.5 -1.4
v -1.8 0.5 -1.4
v -1.7 0.5 -1.4
v -1.6 0.5 -1.4
v -2 0.5 -1.5
v -1.9 0.5 -1.5
v -2 0.5 -1.6
v -1.9 0.5 -1.6
v -2 0.5 -1.7
v -1.9 0.5 -1.7
v 0.4 0.5 -1.7
v 0.5 0.5 -1.7
v -2 0.5 -1.8
v -1.9 0.5 -1.8
v -1.9 0.5 -1.9
v -1.8 0.5 -1.9
v -1.7 0.5 -1.9
v -1.6 0.5 -1.9
v -1.9 0.5 -2
v -1.8 0.5 -2
v -1.7 0.5 -2
v -1.6 0.5 -2
v 0.4 0.5 -2
v 0.5 0.5 -2
v -1.6 0.6 1.5
v -1.5 0.6 1.5
v -1.3 0.6 1.5
v -1.2 0.6 1.5
v -1.6 0.6 1.4
v -1.5 0.6 1.4
v -1.3 0.6 1.4
v -1.2 0.6 1.4
v -1.6 0.6 1
v -1.5 0.6 1
v -1.5 0.6 0.9
v -1.2 0.6 0.9
v -1.6 0.6 0.8
v -1.2 0.6 0.8
v 0.9 0.6 0.4
v 1.4 0.6 0.4
v 0.6 0.6 -2.38419e-07
v 0.9 0.6 -2.38419e-07
v -2 0.6 -0.1
v -1.7 0.6 -0.1
v -2 0.6 -0.2
v -1.7 0.6 -0.2
v -0.7 0.6 -0.6
v -0.6 0.6 -0.6
v 0.6 0.6 -0.7
v 1.1 0.6 -0.7
v -0.7 0.6 -0.9
v -0.6 0.6 -0.9
v 1.1 0.6 -1
v 1.4 0.6 -1
v 0.5 0.6 -1.7
v 0.6 0.6 -1.7
v 0.5 0.6 -2
v 0.6 0.6 -2
v -2 0.7 2
v -0.3 0.7 2
v -1.1 0.7 1.7
v -0.6 0.7 1.7
v -1.6 0.7 1.5
v -1.1 0.7 1.5
v -1.5 0.7 1.4
v -1.2 0.7 1.4
v -1.6 0.7 1.3
v -1.5 0.7 1.3
v -1.6 0.7 1
v -1.5 0.7 1
v -1.5 0.7 0.9
v -1.2 0.7 0.9
v -1.5 0.7 0.8
v -1.2 0.7 0.8
v -1.6 0.7 0.7
v -1.5 0.7 0.7
v -1.6 0.7 0.4
v -1.5 0.7 0.4
v -1.5 0.7 0.3
v -1.2 0.7 0.3
v -1.6 0.7 0.2
v -1.1 0.7 0.2
v 0.6 0.7 0.0999999
v 0.9 0.7 0.0999999
v 0.6 0.7 -2.38419e-07
v 0.9 0.7 -2.38419e-07
v -2 0.7 -0.1
v -1.7 0.7 -0.1
v -1.7 0.7 -0.6
v -1.1 0.7 -0.6
v -0.6 0.7 -0.6
v -0.3 0.7 -0.6
v -0.6 0.7 -0.9
v -0.3 0.7 -0.9
v 0.6 0.7 -1.7
v 0.7 0.7 -1.7
v 0.6 0.7 -2
v 0.7 0.7 -2
v 0.6 0.8 0.2
v 0.9 0.8 0.2
v -0.3 0.8 0.0999999
v -0.2 0.8 0.0999999
v 0.6 0.8 0.0999999
v 0.9 0.8 0.0999999
v -0.3 0.8 -0.2
v -0.2 0.8 -0.2
v -1 0.8 -0.9
v -0.9 0.8 -0.9
v -0.4 0.8 -0.9
v -0.3 0.8 -0.9
v -2 0.8 -1.3
v -1.5 0.8 -1.3
v -2 0.8 -1.4
v -1.5 0.8 -1.4
v -1 0.8 -1.4
v -0.9 0.8 -1.4
v -0.4 0.8 -1.4
v -0.3 0.8 -1.4
v 0.7 0.8 -1.7
v 0.8 0.8 -1.7
v -2 0.8 -1.9
v -1.5 0.8 -1.9
v -2 0.8 -2
v -1.5 0.8 -2
v 0.7 0.8 -2
v 0.8 0.8 -2
v -1.5 0.9 1.5
v -1.4 0.9 1.5
v -1.3 0.9 1.5
v -1.2 0.9 1.5
v -1.5 0.9 1.4
v -1.4 0.9 1.4
v -1.3 0.9 1.4
v -1.2 0.9 1.4
v -1.5 0.9 0.3
v -1.4 0.9 0.3
v -1.3 0.9 0.3
v -1.2 0.9 0.3
v 0.6 0.9 0.3
v 0.9 0.9 0.3
v -1.5 0.9 0.2
v -1.4 0.9 0.2
v -1.3 0.9 0.2
v -1.2 0.9 0.2
v 0.6 0.9 0.2
v 0.9 0.9 0.2
v -0.2 0.9 0.0999999
v -0.0999999 0.9 0.0999999
v -0.2 0.9 -0.2
v -0.0999999 0.9 -0.2
v -0.9 0.9 -0.9
v -0.8 0.9 -0.9
v -0.5 0.9 -0.9
v -0.4 0.9 -0.9
v -2 0.9 -1.4
v -1.5 0.9 -1.4
v -0.9 0.9 -1.4
v -0.8 0.9 -1.4
v -0.5 0.9 -1.4
v -0.4 0.9 -1.4
v -2 0.9 -1.5
v -1.5 0.9 -1.5
v 0.8 0.9 -1.7
v 0.9 0.9 -1.7
v -2 0.9 -1.8
v -1.5 0.9 -1.8
v -2 0.9 -1.9
v -1.5 0.9 -1.9
v 0.8 0.9 -2
v 0.9 0.9 -2
v 0.6 1 0.4
v 0.9 1 0.4
v 0.6 1 0.3
v 0.9 1 0.3
v -0.0999999 1 0.0999999
v 2.38419e-07 1 0.0999999
v -0.0999999 1 -0.2
v 2.38419e-07 1 -0.2
v -0.8 1 -0.9
v -0.7 1 -0.9
v -0.6 1 -0.9
v -0.5 1 -0.9
v -0.8 1 -1.4
v -0.7 1 -1.4
v -0.6 1 -1.4
v -0.5 1 -1.4
v -2 1 -1.5
v -1.5 1 -1.5
v -2 1 -1.6
v -1.5 1 -1.6
v -2 1 -1.7
v -1.5 1 -1.7
v 0.9 1 -1.7
v 1 1 -1.7
v -2 1 -1.8
v -1.5 1 -1.8
v 0.9 1 -2
v 1 1 -2
v 0.7 1.1 2
v 1.5 1.1 2
v 1.6 1.1 1.9
v 1.9 1.1 1.9
v 1.5 1.1 1.8
v 1.6 1.1 1.8
v -1.5 1.1 1.5
v -1.4 1.1 1.5
v -1.3 1.1 1.5
v -1.2 1.1 1.5
v 1.5 1.1 1.5
v 1.6 1.1 1.5
v -1.5 1.1 1.4
v -1.4 1.1 1.4
v -1.3 1.1 1.4
v -1.2 1.1 1.4
v 1.6 1.1 1.4
v 1.9 1.1 1.4
v 1 1.1 1.3
v 1.5 1.1 1.3
v 0.1 1.1 1
v 0.7 1.1 1
v 1 1.1 1
v 1.7 1.1 1
v 1.7 1.1 0.7
v 2 1.1 0.7
v 0.6 1.1 0.4
v 1.4 1.1 0.4
v -1.5 1.1 0.3
v -1.4 1.1 0.3
v -1.3 1.1 0.3
v -1.2 1.1 0.3
v -1.5 1.1 0.2
v -1.4 1.1 0.2
v -1.3 1.1 0.2
v -1.2 1.1 0.2
v 2.38419e-07 1.1 0.0999999
v 0.1 1.1 0.0999999
v 2.38419e-07 1.1 -0.2
v 0.1 1.1 -0.2
v 0.1 1.1 -0.6
v -0.7 1.1 -0.9
v -0.6 1.1 -0.9
v 0.1 1.1 -1
v 0.6 1.1 -1
v 1.4 1.1 -1
v 0.2 1.1 -1.1
v 0.5 1.1 -1.1
v 0.5 1.1 -1.2
v 0.6 1.1 -1.2
v 1.5 1.1 -1.3
v 2 1.1 -1.3
v -0.7 1.1 -1.4
v -0.6 1.1 -1.4
v 1.6 1.1 -1.4
v 1.9 1.1 -1.4
v 0.5 1.1 -1.5
v 0.6 1.1 -1.5
v 1.5 1.1 -1.5
v 1.6 1.1 -1.5
v -2 1.1 -1.6
v -1.5 1.1 -1.6
v 0.2 1.1 -1.6
v 0.5 1.1 -1.6
v -2 1.1 -1.7
v -1.5 1.1 -1.7
v 0.6 1.1 -1.7
v 1 1.1 -1.7
v 1.5 1.1 -1.8
v 1.6 1.1 -1.8
v 1.6 1.1 -1.9
v 1.9 1.1 -1.9
v 1 1.1 -2
v 1.5 1.1 -2
v 1.7 1.2 0.8
v 2 1.2 0.8
v 1.7 1.2 0.7
v 2 1.2 0.7
v 1.6 1.3 2
v 1.7 1.3 2
v 1.8 1.3 2
v 1.9 1.3 2
v 1.6 1.3 1.9
v 1.7 1.3 1.9
v 1.8 1.3 1.9
v 1.9 1.3 1.9
v 1.9 1.3 1.8
v 2 1.3 1.8
v 1.9 1.3 1.7
v 2 1.3 1.7
v 1.9 1.3 1.6
v 2 1.3 1.6
v 1.9 1.3 1.5
v 2 1.3 1.5
v 1.7 1.3 0.9
v 2 1.3 0.9
v 1.7 1.3 0.8
v 2 1.3 0.8
v 0.2 1.3 -1
v 0.3 1.3 -1
v 0.4 1.3 -1
v 0.5 1.3 -1
v 0.2 1.3 -1.1
v 0.3 1.3 -1.1
v 0.4 1.3 -1.1
v 0.5 1.3 -1.1
v 0.1 1.3 -1.2
v 0.2 1.3 -1.2
v 0.1 1.3 -1.3
v 0.2 1.3 -1.3
v 1.6 1.3 -1.3
v 1.7 1.3 -1.3
v 1.8 1.3 -1.3
v 1.9 1.3 -1.3
v 0.1 1.3 -1.4
v 0.2 1.3 -1.4
v 1.6 1.3 -1.4
v 1.7 1.3 -1.4
v 1.8 1.3 -1.4
v 1.9 1.3 -1.4
v 0.1 1.3 -1.5
v 0.2 1.3 -1.5
v 1.9 1.3 -1.5
v 2 1.3 -1.5
v 0.2 1.3 -1.6
v 0.3 1.3 -1.6
v 0.4 1.3 -1.6
v 0.5 1.3 -1.6
v 1.9 1.3 -1.6
v 2 1.3 -1.6
v 0.2 1.3 -1.7
v 0.3 1.3 -1.7
v 0.4 1.3 -1.7
v 0.5 1.3 -1.7
v 1.9 1.3 -1.7
v 2 1.3 -1.7
v 1.9 1.3 -1.8
v 2 1.3 -1.8
v 1.6 1.3 -1.9
v 1.7 1.3 -1.9
v 1.8 1.3 -1.9
v 1.9 1.3 -1.9
v 1.6 1.3 -2
v 1.7 1.3 -2
v 1.8 1.3 -2
v 1.9 1.3 -2
v -1.6 1.4 1.5
v -1.1 1.4 1.5
v -1.6 1.4 1.4
v -1.1 1.4 1.4
v 1.7 1.4 1
v 2 1.4 1
v -1.6 1.4 0.9
v -1.1 1.4 0.9
v 1.7 1.4 0.9
v 2 1.4 0.9
v -1.6 1.4 0.8
v -1.1 1.4 0.8
v -1.6 1.4 0.3
v -1.1 1.4 0.3
v -1.6 1.4 0.2
v -1.1 1.4 0.2
v 1.6 1.5 2
v 1.7 1.5 2
v 1.8 1.5 2
v 1.9 1.5 2
v 1.6 1.5 1.9
v 1.7 1.5 1.9
v 1.8 1.5 1.9
v 1.9 1.5 1.9
v 1.9 1.5 1.8
v 2 1.5 1.8
v 1.9 1.5 1.7
v 2 1.5 1.7
v 1.9 1.5 1.6
v 2 1.5 1.6
v 1.9 1.5 1.5
v 2 1.5 1.5
v -1.6 1.5 1.4
v -1.1 1.5 1.4
v -1.6 1.5 1.3
v -1.1 1.5 1.3
v 1.7 1.5 1.3
v 2 1.5 1.3
v -1.6 1.5 1
v -1.1 1.5 1
v 1.7 1.5 1
v 2 1.5 1
v -1.6 1.5 0.9
v -1.1 1.5 0.9
v -1.6 1.5 0.8
v -1.1 1.5 0.8
v -1.6 1.5 0.7
v -1.1 1.5 0.7
v -1.6 1.5 0.4
v -1.1 1.5 0.4
v -1.6 1.5 0.3
v -1.1 1.5 0.3
v 0.2 1.5 -1
v 0.3 1.5 -1
v 0.4 1.5 -1
v 0.5 1.5 -1
v 0.2 1.5 -1.1
v 0.3 1.5 -1.1
v 0.4 1.5 -1.1
v 0.5 1.5 -1.1
v 0.1 1.5 -1.2
v 0.2 1.5 -1.2
v 0.1 1.5 -1.3
v 0.2 1.5 -1.3
v 1.6 1.5 -1.3
v 1.7 1.5 -1.3
v 1.8 1.5 -1.3
v 1.9 1.5 -1.3
v 0.1 1.5 -1.4
v 0.2 1.5 -1.4
v 1.6 1.5 -1.4
v 1.7 1.5 -1.4
v 1.8 1.5 -1.4
v 1.9 1.5 -1.4
v 0.1 1.5 -1.5
v 0.2 1.5 -1.5
v 1.9 1.5 -1.5
v 2 1.5 -1.5
v 0.2 1.5 -1.6
v 0.3 1.5 -1.6
v 0.4 1.5 -1.6
v 0.5 1.5 -1.6
v 1.9 1.5 -1.6
v 2 1.5 -1.6
v 0.2 1.5 -1.7
v 0.3 1.5 -1.7
v 0.4 1.5 -1.7
v 0.5 1.5 -1.7
v 1.9 1.5 -1.7
v 2 1.5 -1.7
v 1.9 1.5 -1.8
v 2 1.5 -1.8
v 1.6 1.5 -1.9
v 1.7 1.5 -1.9
v 1.8 1.5 -1.9
v 1.9 1.5 -1.9
v 1.6 1.5 -2
v 1.7 1.5 -2
v 1.8 1.5 -2
v 1.9 1.5 -2
v -1.6 1.6 1.3
v -1.1 1.6 1.3
v 1.6 1.6 1.3
v 1.7 1.6 1.3
v -1.6 1.6 1.2
v -1.1 1.6 1.2
v -1.6 1.6 1.1
v -1.1 1.6 1.1
v -1.6 1.6 1
v -1.1 1.6 1
v 1.6 1.6 1
v 1.7 1.6 1
v -1.6 1.6 0.7
v -1.1 1.6 0.7
v -1.6 1.6 0.6
v -1.1 1.6 0.6
v -1.6 1.6 0.5
v -1.1 1.6 0.5
v -1.6 1.6 0.4
v -1.1 1.6 0.4
v 1.5 1.7 1.3
v 1.6 1.7 1.3
v -1.6 1.7 1.2
v -1.1 1.7 1.2
v -1.6 1.7 1.1
v -1.1 1.7 1.1
v 1.5 1.7 1
v 1.6 1.7 1
v -1.6 1.7 0.6
v -1.1 1.7 0.6
v -1.6 1.7 0.5
v -1.1 1.7 0.5
v 1.5 1.8 2
v 2 1.8 2
v 1.5 1.8 1.9
v 2 1.8 1.9
v 1.5 1.8 1.4
v 2 1.8 1.4
v 1.4 1.8 1.3
v 1.5 1.8 1.3
v 2 1.8 1.3
v 1.4 1.8 1
v 1.5 1.8 1
v 0.1 1.8 -1
v 0.6 1.8 -1
v 0.1 1.8 -1.1
v 0.6 1.8 -1.1
v 1.5 1.8 -1.3
v 2 1.8 -1.3
v 1.5 1.8 -1.4
v 2 1.8 -1.4
v 0.1 1.8 -1.6
v 0.6 1.8 -1.6
v 0.1 1.8 -1.7
v 0.6 1.8 -1.7
v 1.5 1.8 -1.9
v 2 1.8 -1.9
v 1.5 1.8 -2
v 2 1.8 -2
v 1.5 1.9 1.9
v 2 1.9 1.9
v 1.5 1.9 1.8
v 2 1.9 1.8
v 1.5 1.9 1.5
v 2 1.9 1.5
v 1.5 1.9 1.4
v 2 1.9 1.4
v 1.3 1.9 1.3
v 1.4 1.9 1.3
v 1.3 1.9 1
v 1.4 1.9 1
v 0.1 1.9 -1.1
v 0.6 1.9 -1.1
v 0.1 1.9 -1.2
v 0.6 1.9 -1.2
v 1.5 1.9 -1.4
v 2 1.9 -1.4
v 0.1 1.9 -1.5
v 0.6 1.9 -1.5
v 1.5 1.9 -1.5
v 2 1.9 -1.5
v 0.1 1.9 -1.6
v 0.6 1.9 -1.6
v 1.5 1.9 -1.8
v 2 1.9 -1.8
v 1.5 1.9 -1.9
v 2 1.9 -1.9
v -1.1 2 2
v 2.38419e-07 2 2
v 0.1 2 1.9
v 0.6 2 1.9
v 1.5 2 1.8
v 2 2 1.8
v 1.5 2 1.7
v 2 2 1.7
v -0.7 2 1.6
v -0.3 2 1.6
v 0.1 2 1.6
v 0.2 2 1.6
v 0.5 2 1.6
v 0.6 2 1.6
v 1.5 2 1.6
v 2 2 1.6
v 2.38419e-07 2 1.5
v 0.2 2 1.5
v 0.5 2 1.5
v 0.7 2 1.5
v 1.5 2 1.5
v 2 2 1.5
v 0.7 2 1.3
v 1.2 2 1.3
v 1.3 2 1.3
v 0.1 2 1
v 1.2 2 1
v 1.3 2 1
v -1.1 2 0.6
v -0.7 2 0.6
v -0.3 2 0.6
v 0.1 2 0.6
v 0.1 2 -1.2
v 0.6 2 -1.2
v 0.1 2 -1.3
v 0.6 2 -1.3
v 0.1 2 -1.4
v 0.6 2 -1.4
v 0.1 2 -1.5
v 0.6 2 -1.5
v 1.5 2 -1.5
v 2 2 -1.5
v 1.5 2 -1.6
v 2 2 -1.6
v 1.5 2 -1.7
v 2 2 -1.7
v 1.5 2 -1.8
v 2 2 -1.8
v 1.5 2.1 1.7
v 2 2.1 1.7
v -0.7 2.1 1.6
v -0.3 2.1 1.6
v 1.5 2.1 1.6
v 2 2.1 1.6
v -0.7 2.1 1.5
v -0.3 2.1 1.5
v 0.1 2.1 -1.3
v 0.6 2.1 -1.3
v 0.1 2.1 -1.4
v 0.6 2.1 -1.4
v 1.5 2.1 -1.6
v 2 2.1 -1.6
v 1.5 2.1 -1.7
v 2 2.1 -1.7
v 0.2 2.2 2
v 0.3 2.2 2
v 0.4 2.2 2
v 0.5 2.2 2
v 2.38419e-07 2.2 1.9
v 0.1 2.2 1.9
v 0.2 2.2 1.9
v 0.3 2.2 1.9
v 0.4 2.2 1.9
v 0.5 2.2 1.9
v 0.6 2.2 1.9
v 0.7 2.2 1.9
v 2.38419e-07 2.2 1.8
v 0.1 2.2 1.8
v 0.6 2.2 1.8
v 0.7 2.2 1.8
v 2.38419e-07 2.2 1.7
v 0.1 2.2 1.7
v 0.6 2.2 1.7
v 0.7 2.2 1.7
v 2.38419e-07 2.2 1.6
v 0.1 2.2 1.6
v 0.6 2.2 1.6
v 0.7 2.2 1.6
v -0.7 2.2 1.5
v -0.3 2.2 1.5
v -0.7 2.2 1.4
v -0.3 2.2 1.4
v -0.7 2.3 1.4
v -0.3 2.3 1.4
v -0.7 2.3 1.3
v -0.3 2.3 1.3
v 0.2 2.4 2
v 0.3 2.4 2
v 0.4 2.4 2
v 0.5 2.4 2
v 2.38419e-07 2.4 1.9
v 0.1 2.4 1.9
v 0.2 2.4 1.9
v 0.3 2.4 1.9
v 0.4 2.4 1.9
v 0.5 2.4 1.9
v 0.6 2.4 1.9
v 0.7 2.4 1.9
v 2.38419e-07 2.4 1.8
v 0.1 2.4 1.8
v 0.6 2.4 1.8
v 0.7 2.4 1.8
v 2.38419e-07 2.4 1.7
v 0.1 2.4 1.7
v 0.6 2.4 1.7
v 0.7 2.4 1.7
v 2.38419e-07 2.4 1.6
v 0.1 2.4 1.6
v 0.6 2.4 1.6
v 0.7 2.4 1.6
v -0.7 2.4 1.3
v -0.3 2.4 1.3
v -0.7 2.4 1.2
v -0.3 2.4 1.2
v -0.7 2.5 1.2
v -0.3 2.5 1.2
v -0.7 2.5 1.1
v -0.3 2.5 1.1
v -0.7 2.6 1.1
v -0.3 2.6 1.1
v -0.7 2.6 1
v -0.3 2.6 1
v 2.38419e-07 2.7 2
v 0.1 2.7 2
v 0.6 2.7 2
v 0.7 2.7 2
v 2.38419e-07 2.7 1.5
v 0.1 2.7 1.5
v 0.6 2.7 1.5
v 0.7 2.7 1.5
v -0.7 2.7 1
v -0.3 2.7 1
v -0.7 2.7 0.9
v -0.3 2.7 0.9
v 0.1 2.8 2
v 0.2 2.8 2
v 0.5 2.8 2
v 0.6 2.8 2
v 0.1 2.8 1.5
v 0.2 2.8 1.5
v 0.5 2.8 1.5
v 0.6 2.8 1.5
v -0.7 2.8 0.9
v -0.3 2.8 0.9
v -0.7 2.8 0.8
v -0.3 2.8 0.8
v -1.1 2.8 0.6
v -1 2.8 0.6
v 2.38419e-07 2.8 0.6
v 0.1 2.8 0.6
v -1.1 2.8 0.5
v -1 2.8 0.5
v 2.38419e-07 2.8 0.5
v 0.1 2.8 0.5
v -1.1 2.8 -0.5
v -1 2.8 -0.5
v 2.38419e-07 2.8 -0.5
v 0.1 2.8 -0.5
v -1.1 2.8 -0.6
v -1 2.8 -0.6
v 2.38419e-07 2.8 -0.6
v 0.1 2.8 -0.6
v 0.2 2.9 2
v 0.3 2.9 2
v 0.4 2.9 2
v 0.5 2.9 2
v 0.2 2.9 1.5
v 0.3 2.9 1.5
v 0.4 2.9 1.5
v 0.5 2.9 1.5
v -0.7 2.9 0.8
v -0.3 2.9 0.8
v -0.7 2.9 0.7
v -0.3 2.9 0.7
v -1 2.9 0.6
v -0.9 2.9 0.6
v -0.0999999 2.9 0.6
v 2.38419e-07 2.9 0.6
v -1.1 2.9 0.5
v -1 2.9 0.5
v 2.38419e-07 2.9 0.5
v 0.1 2.9 0.5
v -1.1 2.9 0.4
v -0.9 2.9 0.4
v -0.0999999 2.9 0.4
v 0.1 2.9 0.4
v -1.1 2.9 -0.4
v -0.9 2.9 -0.4
v -0.0999999 2.9 -0.4
v 0.1 2.9 -0.4
v -1.1 2.9 -0.5
v -1 2.9 -0.5
v 2.38419e-07 2.9 -0.5
v 0.1 2.9 -0.5
v -1 2.9 -0.6
v -0.9 2.9 -0.6
v -0.0999999 2.9 -0.6
v 2.38419e-07 2.9 -0.6
v 0.3 3 2
v 0.4 3 2
v 0.3 3 1.5
v 0.4 3 1.5
v -0.7 3 0.7
v -0.3 3 0.7
v -0.9 3 0.6
v -0.8 3 0.6
v -0.7 3 0.6
v -0.3 3 0.6
v -0.2 3 0.6
v -0.0999999 3 0.6
v -1.1 3 0.4
v -0.9 3 0.4
v -0.0999999 3 0.4
v 0.1 3 0.4
v -1.1 3 0.3
v -0.8 3 0.3
v -0.2 3 0.3
v 0.1 3 0.3
v -1.1 3 -0.3
v -0.8 3 -0.3
v -0.2 3 -0.3
v 0.1 3 -0.3
v -1.1 3 -0.4
v -0.9 3 -0.4
v -0.0999999 3 -0.4
v 0.1 3 -0.4
v -0.9 3 -0.6
v -0.8 3 -0.6
v -0.2 3 -0.6
v -0.0999999 3 -0.6
v -0.8 3.1 0.6
v -0.2 3.1 0.6
v -0.8 3.1 0.3
v -0.7 3.1 0.3
v -0.3 3.1 0.3
v -0.2 3.1 0.3
v -1 3.1 0.2
v -0.7 3.1 0.2
v -0.3 3.1 0.2
v 2.38419e-07 3.1 0.2
v -1 3.1 -0.2
v -0.7 3.1 -0.2
v -0.3 3.1 -0.2
v 2.38419e-07 3.1 -0.2
v -0.7 3.1 -0.5
v -0.3 3.1 -0.5
v -1 3.3 0.3
v -0.8 3.3 0.3
v -0.2 3.3 0.3
v 2.38419e-07 3.3 0.3
v -1 3.3 0.2
v -0.8 3.3 0.2
v -0.2 3.3 0.2
v 2.38419e-07 3.3 0.2
v -1.1 3.3 0.0999999
v -1 3.3 0.0999999
v 2.38419e-07 3.3 0.0999999
v 0.1 3.3 0.0999999
v -1.1 3.3 -0.1
v -1 3.3 -0.1
v 2.38419e-07 3.3 -0.1
v 0.1 3.3 -0.1
v -1 3.3 -0.2
v -0.9 3.3 -0.2
v -0.0999999 3.3 -0.2
v 2.38419e-07 3.3 -0.2
v -1 3.3 -0.3
v -0.9 3.3 -0.3
v -0.0999999 3.3 -0.3
v 2.38419e-07 3.3 -0.3
v -0.8 3.3 -0.4
v -0.7 3.3 -0.4
v -0.3 3.3 -0.4
v -0.2 3.3 -0.4
v -0.8 3.3 -0.5
v -0.7 3.3 -0.5
v -0.6 3.3 -0.5
v -0.4 3.3 -0.5
v -0.3 3.3 -0.5
v -0.2 3.3 -0.5
v -0.6 3.3 -0.6
v -0.4 3.3 -0.6
v -1.1 3.8 0.3
v -0.9 3.8 0.3
v -0.0999999 3.8 0.3
v 0.1 3.8 0.3
v -1.1 3.8 -0.3
v -0.9 3.8 -0.3
v -0.0999999 3.8 -0.3
v 0.1 3.8 -0.3
v -0.9 3.9 0.3
v -0.7 3.9 0.3
v -0.3 3.9 0.3
v -0.0999999 3.9 0.3
v -0.9 3.9 -0.3
v -0.8 3.9 -0.3
v -0.2 3.9 -0.3
v -0.0999999 3.9 -0.3
v -0.8 3.9 -0.6
v -0.7 3.9 -0.6
v -0.3 3.9 -0.6
v -0.2 3.9 -0.6
v -0.7 4 0.3
v -0.3 4 0.3
v -0.7 4 -0.6
v -0.3 4 -0.6

# faces
f 4/2/1 2/2/1 1/2/1
f 4/4/1 3/4/1 2/4/1
f 5/4/1 3/4/1 4/4/1
f 6/4/1 3/4/1 5/4/1
f 7/2/1 4/2/1 1/2/1
f 8/2/1 4/2/1 7/2/1
f 9/2/1 7/2/1 1/2/1
f 10/2/1 7/2/1 9/2/1
f 11/6/1 6/6/1 5/6/1
f 12/6/1 6/6/1 11/6/1
f 13/6/1 6/6/1 12/6/1
f 14/6/1 6/6/1 13/6/1
f 15/2/1 9/2/1 1/2/1
f 16/2/1 9/2/1 15/2/1
f 17/6/1 11/6/1 5/6/1
f 18/5/1 13/5/1 12/5/1
f 19/5/1 13/5/1 18/5/1
f 20/6/1 6/6/1 14/6/1
f 21/2/1 15/2/1 1/2/1
f 22/2/1 15/2/1 21/2/1
f 23/5/1 19/5/1 18/5/1
f 23/6/1 17/6/1 5/6/1
f 23/5/1 20/5/1 19/5/1
f 23/5/1 18/5/1 17/5/1
f 24/5/1 20/5/1 23/5/1
f 25/5/1 20/5/1 24/5/1
f 26/6/1 6/6/1 20/6/1
f 26/5/1 20/5/1 25/5/1
f 27/2/1 21/2/1 1/2/1
f 28/2/1 21/2/1 27/2/1
f 29/2/1 21/2/1 28/2/1
f 30/6/1 23/6/1 5/6/1
f 31/5/1 25/5/1 24/5/1
f 32/5/1 25/5/1 31/5/1
f 33/6/1 6/6/1 26/6/1
f 34/4/1 28/4/1 27/4/1
f 35/4/1 28/4/1 34/4/1
f 36/6/1 32/6/1 31/6/1
f 36/6/1 33/6/1 32/6/1
f 36/6/1 30/6/1 5/6/1
f 36/6/1 31/6/1 30/6/1
f 37/6/1 6/6/1 33/6/1
f 37/6/1 33/6/1 36/6/1
f 38/1/1 37/1/1 36/1/1
f 39/1/1 37/1/1 38/1/1
f 40/1/1 37/1/1 39/1/1
f 41/1/1 37/1/1 40/1/1
f 42/1/1 40/1/1 39/1/1
f 43/1/1 40/1/1 42/1/1
f 44/1/1 40/1/1 43/1/1
f 45/1/1 40/1/1 44/1/1
f 46/1/1 44/1/1 43/1/1
f 47/1/1 44/1/1 46/1/1
f 48/1/1 44/1/1 47/1/1
f 49/1/1 44/1/1 48/1/1
f 50/1/1 48/1/1 47/1/1
f 51/1/1 48/1/1 50/1/1
f 56/5/1 53/5/1 52/5/1
f 57/5/1 53/5/1 56/5/1
f 58/5/1 55/5/1 54/5/1
f 59/5/1 55/5/1 58/5/1
f 64/5/1 61/5/1 60/5/1
f 65/5/1 61/5/1 64/5/1
f 66/5/1 63/5/1 62/5/1
f 67/5/1 63/5/1 66/5/1
f 71/2/1 69/2/1 68/2/1
f 73/2/1 71/2/1 70/2/1
f 75/2/1 73/2/1 72/2/1
f 77/2/1 75/2/1 74/2/1
f 78/2/1 69/2/1 71/2/1
f 78/2/1 71/2/1 73/2/1
f 78/2/1 75/2/1 77/2/1
f 78/2/1 73/2/1 75/2/1
f 79/4/1 77/4/1 76/4/1
f 79/4/1 78/4/1 77/4/1
f 80/4/1 78/4/1 79/4/1
f 86/6/1 82/6/1 81/6/1
f 87/6/1 84/6/1 83/6/1
f 89/6/1 86/6/1 85/6/1
f 90/6/1 82/6/1 86/6/1
f 90/6/1 86/6/1 89/6/1
f 91/6/1 88/6/1 87/6/1
f 91/6/1 87/6/1 83/6/1
f 92/6/1 88/6/1 91/6/1
f 94/6/1 82/6/1 90/6/1
f 95/6/1 82/6/1 94/6/1
f 96/6/1 91/6/1 83/6/1
f 97/6/1 91/6/1 96/6/1
f 99/6/1 95/6/1 94/6/1
f 99/6/1 98/6/1 97/6/1
f 99/6/1 97/6/1 96/6/1
f 99/6/1 96/6/1 95/6/1
f 99/6/1 94/6/1 93/6/1
f 100/6/1 98/6/1 99/6/1
f 107/6/1 102/6/1 101/6/1
f 108/6/1 104/6/1 103/6/1
f 109/6/1 104/6/1 108/6/1
f 110/6/1 106/6/1 105/6/1
f 111/6/1 109/6/1 108/6/1
f 111/6/1 110/6/1 109/6/1
f 111/6/1 107/6/1 101/6/1
f 111/6/1 108/6/1 107/6/1
f 112/6/1 106/6/1 110/6/1
f 112/6/1 110/6/1 111/6/1
f 113/1/1 112/1/1 111/1/1
f 114/1/1 112/1/1 113/1/1
f 115/1/1 112/1/1 114/1/1
f 116/1/1 112/1/1 115/1/1
f 117/1/1 112/1/1 116/1/1
f 118/1/1 112/1/1 117/1/1
f 119/1/1 115/1/1 114/1/1
f 120/1/1 115/1/1 119/1/1
f 121/1/1 115/1/1 120/1/1
f 122/1/1 115/1/1 121/1/1
f 123/1/1 117/1/1 116/1/1
f 124/1/1 117/1/1 123/1/1
f 125/1/1 117/1/1 124/1/1
f 126/1/1 117/1/1 125/1/1
f 127/1/1 121/1/1 120/1/1
f 128/1/1 121/1/1 127/1/1
f 129/1/1 121/1/1 128/1/1
f 130/1/1 121/1/1 129/1/1
f 131/1/1 125/1/1 124/1/1
f 132/1/1 125/1/1 131/1/1
f 133/1/1 125/1/1 132/1/1
f 134/1/1 125/1/1 133/1/1
f 135/1/1 129/1/1 128/1/1
f 136/1/1 129/1/1 135/1/1
f 137/1/1 133/1/1 132/1/1
f 138/1/1 133/1/1 137/1/1
f 143/4/1 140/4/1 139/4/1
f 144/4/1 140/4/1 143/4/1
f 145/3/1 142/3/1 141/3/1
f 146/3/1 142/3/1 145/3/1
f 151/5/1 148/5/1 147/5/1
f 152/5/1 148/5/1 151/5/1
f 153/5/1 150/5/1 149/5/1
f 154/5/1 150/5/1 153/5/1
f 159/5/1 156/5/1 155/5/1
f 160/5/1 156/5/1 159/5/1
f 161/5/1 158/5/1 157/5/1
f 162/5/1 158/5/1 161/5/1
f 167/4/1 164/4/1 163/4/1
f 168/4/1 164/4/1 167/4/1
f 169/4/1 166/4/1 165/4/1
f 170/4/1 166/4/1 169/4/1
f 173/6/1 169/6/1 168/6/1
f 174/6/1 171/6/1 170/6/1
f 176/6/1 173/6/1 172/6/1
f 177/6/1 169/6/1 173/6/1
f 177/6/1 173/6/1 176/6/1
f 178/6/1 175/6/1 174/6/1
f 178/6/1 174/6/1 170/6/1
f 179/6/1 175/6/1 178/6/1
f 181/6/1 169/6/1 177/6/1
f 182/6/1 178/6/1 170/6/1
f 184/6/1 181/6/1 180/6/1
f 185/6/1 169/6/1 181/6/1
f 185/6/1 181/6/1 184/6/1
f 186/6/1 183/6/1 182/6/1
f 186/6/1 182/6/1 170/6/1
f 187/6/1 183/6/1 186/6/1
f 190/2/1 189/2/1 188/2/1
f 191/2/1 189/2/1 190/2/1
f 196/2/1 193/2/1 192/2/1
f 197/2/1 195/2/1 194/2/1
f 198/2/1 196/2/1 192/2/1
f 203/2/1 195/2/1 197/2/1
f 204/2/1 199/2/1 198/2/1
f 207/2/1 201/2/1 200/2/1
f 208/2/1 201/2/1 207/2/1
f 211/2/1 203/2/1 202/2/1
f 213/2/1 205/2/1 204/2/1
f 213/2/1 198/2/1 192/2/1
f 213/2/1 204/2/1 198/2/1
f 214/2/1 205/2/1 213/2/1
f 217/2/1 209/2/1 208/2/1
f 217/2/1 207/2/1 206/2/1
f 217/2/1 208/2/1 207/2/1
f 218/2/1 209/2/1 217/2/1
f 221/2/1 211/2/1 210/2/1
f 222/2/1 215/2/1 214/2/1
f 222/2/1 214/2/1 213/2/1
f 222/2/1 213/2/1 212/2/1
f 223/2/1 219/2/1 218/2/1
f 223/2/1 217/2/1 216/2/1
f 223/2/1 218/2/1 217/2/1
f 224/2/1 219/2/1 223/2/1
f 225/2/1 221/2/1 220/2/1
f 226/2/1 222/2/1 212/2/1
f 226/2/1 225/2/1 224/2/1
f 226/2/1 224/2/1 223/2/1
f 226/2/1 223/2/1 222/2/1
f 227/2/1 225/2/1 226/2/1
f 228/4/1 227/4/1 226/4/1
f 229/2/1 225/2/1 227/2/1
f 229/4/1 227/4/1 228/4/1
f 230/2/1 225/2/1 229/2/1
f 231/2/1 221/2/1 225/2/1
f 231/2/1 225/2/1 230/2/1
f 231/2/1 203/2/1 211/2/1
f 231/2/1 195/2/1 203/2/1
f 231/2/1 211/2/1 221/2/1
f 232/4/1 231/4/1 230/4/1
f 233/4/1 231/4/1 232/4/1
f 234/4/1 231/4/1 233/4/1
f 235/4/1 231/4/1 234/4/1
f 236/4/1 234/4/1 233/4/1
f 237/4/1 234/4/1 236/4/1
f 238/4/1 234/4/1 237/4/1
f 239/4/1 234/4/1 238/4/1
f 240/4/1 238/4/1 237/4/1
f 241/4/1 238/4/1 240/4/1
f 242/4/1 238/4/1 241/4/1
f 243/4/1 238/4/1 242/4/1
f 244/4/1 242/4/1 241/4/1
f 245/4/1 242/4/1 244/4/1
f 246/6/1 245/6/1 244/6/1
f 247/6/1 245/6/1 246/6/1
f 248/6/1 246/6/1 244/6/1
f 249/6/1 245/6/1 247/6/1
f 250/6/1 248/6/1 244/6/1
f 250/6/1 249/6/1 248/6/1
f 251/6/1 245/6/1 249/6/1
f 251/6/1 249/6/1 250/6/1
f 252/1/1 251/1/1 250/1/1
f 253/1/1 251/1/1 252/1/1
f 257/6/1 255/6/1 254/6/1
f 258/2/1 257/2/1 256/2/1
f 259/6/1 255/6/1 257/6/1
f 259/2/1 257/2/1 258/2/1
f 260/6/1 255/6/1 259/6/1
f 261/6/1 255/6/1 260/6/1
f 262/6/1 255/6/1 261/6/1
f 263/6/1 255/6/1 262/6/1
f 264/6/1 260/6/1 259/6/1
f 265/5/1 262/5/1 261/5/1
f 266/5/1 262/5/1 265/5/1
f 267/6/1 255/6/1 263/6/1
f 268/5/1 266/5/1 265/5/1
f 268/5/1 267/5/1 266/5/1
f 268/6/1 264/6/1 259/6/1
f 268/5/1 265/5/1 264/5/1
f 269/5/1 267/5/1 268/5/1
f 270/5/1 267/5/1 269/5/1
f 271/6/1 255/6/1 267/6/1
f 271/5/1 267/5/1 270/5/1
f 272/6/1 268/6/1 259/6/1
f 273/5/1 270/5/1 269/5/1
f 274/5/1 270/5/1 273/5/1
f 275/6/1 255/6/1 271/6/1
f 276/6/1 272/6/1 259/6/1
f 276/6/1 275/6/1 274/6/1
f 276/6/1 274/6/1 273/6/1
f 276/6/1 273/6/1 272/6/1
f 277/6/1 255/6/1 275/6/1
f 277/6/1 275/6/1 276/6/1
f 278/1/1 277/1/1 276/1/1
f 279/1/1 277/1/1 278/1/1
f 284/4/1 281/4/1 280/4/1
f 285/4/1 281/4/1 284/4/1
f 286/4/1 283/4/1 282/4/1
f 287/4/1 283/4/1 286/4/1
f 290/2/1 289/2/1 288/2/1
f 291/2/1 289/2/1 290/2/1
f 294/1/1 293/1/1 292/1/1
f 295/1/1 293/1/1 294/1/1
f 300/4/1 297/4/1 296/4/1
f 301/4/1 297/4/1 300/4/1
f 302/4/1 299/4/1 298/4/1
f 303/4/1 299/4/1 302/4/1
f 306/6/1 305/6/1 304/6/1
f 307/6/1 305/6/1 306/6/1
f 310/1/1 309/1/1 308/1/1
f 311/1/1 309/1/1 310/1/1
f 314/2/1 313/2/1 312/2/1
f 315/2/1 313/2/1 314/2/1
f 318/1/1 317/1/1 316/1/1
f 319/1/1 317/1/1 318/1/1
f 324/4/1 321/4/1 320/4/1
f 325/4/1 321/4/1 324/4/1
f 326/4/1 323/4/1 322/4/1
f 327/4/1 323/4/1 326/4/1
f 330/6/1 327/6/1 326/6/1
f 331/6/1 327/6/1 330/6/1
f 332/6/1 329/6/1 328/6/1
f 333/6/1 329/6/1 332/6/1
f 334/6/1 330/6/1 326/6/1
f 335/6/1 327/6/1 331/6/1
f 336/6/1 334/6/1 326/6/1
f 336/6/1 335/6/1 334/6/1
f 337/6/1 327/6/1 335/6/1
f 337/6/1 335/6/1 336/6/1
f 338/1/1 337/1/1 336/1/1
f 339/1/1 337/1/1 338/1/1
f 342/2/1 341/2/1 340/2/1
f 343/2/1 341/2/1 342/2/1
f 346/1/1 345/1/1 344/1/1
f 347/1/1 345/1/1 346/1/1
f 350/2/1 349/2/1 348/2/1
f 351/2/1 349/2/1 350/2/1
f 352/2/1 349/2/1 351/2/1
f 353/2/1 349/2/1 352/2/1
f 354/2/1 349/2/1 353/2/1
f 355/2/1 349/2/1 354/2/1
f 356/2/1 349/2/1 355/2/1
f 357/2/1 349/2/1 356/2/1
f 358/2/1 349/2/1 357/2/1
f 359/2/1 349/2/1 358/2/1
f 360/2/1 349/2/1 359/2/1
f 361/2/1 349/2/1 360/2/1
f 362/2/1 349/2/1 361/2/1
f 363/2/1 349/2/1 362/2/1
f 364/2/1 349/2/1 363/2/1
f 365/2/1 364/2/1 363/2/1
f 366/2/1 364/2/1 365/2/1
f 367/2/1 364/2/1 366/2/1
f 368/2/1 364/2/1 367/2/1
f 369/2/1 364/2/1 368/2/1
f 370/2/1 364/2/1 369/2/1
f 373/1/1 372/1/1 371/1/1
f 374/1/1 372/1/1 373/1/1
f 377/4/1 376/4/1 375/4/1
f 378/4/1 376/4/1 377/4/1
f 381/6/1 380/6/1 379/6/1
f 382/6/1 380/6/1 381/6/1
f 385/6/1 384/6/1 383/6/1
f 386/6/1 384/6/1 385/6/1
f 387/6/1 384/6/1 386/6/1
f 388/6/1 384/6/1 387/6/1
f 390/5/1 387/5/1 386/5/1
f 391/5/1 387/5/1 390/5/1
f 393/5/1 390/5/1 389/5/1
f 393/5/1 392/5/1 391/5/1
f 393/5/1 391/5/1 390/5/1
f 394/5/1 392/5/1 393/5/1
f 395/5/1 392/5/1 394/5/1
f 396/5/1 392/5/1 395/5/1
f 397/5/1 395/5/1 394/5/1
f 398/5/1 395/5/1 397/5/1
f 401/6/1 400/6/1 399/6/1
f 402/6/1 400/6/1 401/6/1
f 405/2/1 404/2/1 403/2/1
f 406/2/1 404/2/1 405/2/1
f 407/2/1 405/2/1 403/2/1
f 408/2/1 405/2/1 407/2/1
f 409/2/1 404/2/1 406/2/1
f 410/2/1 404/2/1 409/2/1
f 415/6/1 414/6/1 413/6/1
f 416/6/1 414/6/1 415/6/1
f 417/6/1 412/6/1 411/6/1
f 418/6/1 412/6/1 417/6/1
f 419/6/1 415/6/1 413/6/1
f 421/6/1 420/6/1 419/6/1
f 421/6/1 419/6/1 413/6/1
f 422/6/1 420/6/1 421/6/1
f 425/2/1 424/2/1 423/2/1
f 426/2/1 424/2/1 425/2/1
f 429/2/1 428/2/1 427/2/1
f 430/2/1 428/2/1 429/2/1
f 433/2/1 432/2/1 431/2/1
f 434/2/1 432/2/1 433/2/1
f 437/6/1 436/6/1 435/6/1
f 438/6/1 436/6/1 437/6/1
f 439/6/1 436/6/1 438/6/1
f 440/6/1 436/6/1 439/6/1
f 441/6/1 437/6/1 435/6/1
f 442/5/1 439/5/1 438/5/1
f 443/5/1 439/5/1 442/5/1
f 444/6/1 436/6/1 440/6/1
f 445/5/1 443/5/1 442/5/1
f 445/5/1 444/5/1 443/5/1
f 445/6/1 441/6/1 435/6/1
f 445/5/1 442/5/1 441/5/1
f 446/5/1 444/5/1 445/5/1
f 447/5/1 444/5/1 446/5/1
f 448/6/1 436/6/1 444/6/1
f 448/5/1 444/5/1 447/5/1
f 449/6/1 445/6/1 435/6/1
f 450/5/1 447/5/1 446/5/1
f 451/5/1 447/5/1 450/5/1
f 452/6/1 436/6/1 448/6/1
f 453/6/1 449/6/1 435/6/1
f 453/6/1 452/6/1 451/6/1
f 453/6/1 451/6/1 450/6/1
f 453/6/1 450/6/1 449/6/1
f 454/6/1 436/6/1 452/6/1
f 454/6/1 452/6/1 453/6/1
f 455/1/1 454/1/1 453/1/1
f 456/1/1 454/1/1 455/1/1
f 460/6/1 458/6/1 457/6/1
f 461/6/1 458/6/1 460/6/1
f 462/6/1 458/6/1 461/6/1
f 463/6/1 458/6/1 462/6/1
f 465/6/1 460/6/1 459/6/1
f 465/6/1 461/6/1 460/6/1
f 466/6/1 461/6/1 465/6/1
f 467/6/1 461/6/1 466/6/1
f 468/6/1 463/6/1 462/6/1
f 468/6/1 464/6/1 463/6/1
f 469/6/1 464/6/1 468/6/1
f 470/6/1 464/6/1 469/6/1
f 471/6/1 467/6/1 466/6/1
f 471/6/1 469/6/1 468/6/1
f 471/6/1 468/6/1 467/6/1
f 472/6/1 469/6/1 471/6/1
f 477/2/1 476/2/1 475/2/1
f 478/2/1 476/2/1 477/2/1
f 479/2/1 474/2/1 473/2/1
f 480/2/1 477/2/1 475/2/1
f 481/2/1 479/2/1 473/2/1
f 481/2/1 480/2/1 479/2/1
f 482/2/1 477/2/1 480/2/1
f 482/2/1 480/2/1 481/2/1
f 483/4/1 482/4/1 481/4/1
f 484/4/1 482/4/1 483/4/1
f 485/4/1 482/4/1 484/4/1
f 486/6/1 485/6/1 484/6/1
f 487/6/1 485/6/1 486/6/1
f 488/6/1 485/6/1 487/6/1
f 489/6/1 485/6/1 488/6/1
f 490/6/1 486/6/1 484/6/1
f 491/5/1 488/5/1 487/5/1
f 492/5/1 488/5/1 491/5/1
f 493/6/1 485/6/1 489/6/1
f 494/5/1 492/5/1 491/5/1
f 494/5/1 493/5/1 492/5/1
f 494/6/1 490/6/1 484/6/1
f 494/5/1 491/5/1 490/5/1
f 495/5/1 493/5/1 494/5/1
f 496/5/1 493/5/1 495/5/1
f 497/6/1 485/6/1 493/6/1
f 497/5/1 493/5/1 496/5/1
f 498/6/1 494/6/1 484/6/1
f 499/5/1 496/5/1 495/5/1
f 500/5/1 496/5/1 499/5/1
f 501/6/1 485/6/1 497/6/1
f 502/6/1 498/6/1 484/6/1
f 502/6/1 501/6/1 500/6/1
f 502/6/1 500/6/1 499/6/1
f 502/6/1 499/6/1 498/6/1
f 503/6/1 485/6/1 501/6/1
f 503/6/1 501/6/1 502/6/1
f 504/1/1 503/1/1 502/1/1
f 505/1/1 503/1/1 504/1/1
f 506/1/1 503/1/1 505/1/1
f 507/1/1 503/1/1 506/1/1
f 508/1/1 506/1/1 505/1/1
f 509/1/1 506/1/1 508/1/1
f 510/1/1 506/1/1 509/1/1
f 511/1/1 506/1/1 510/1/1
f 512/1/1 510/1/1 509/1/1
f 513/1/1 510/1/1 512/1/1
f 514/1/1 510/1/1 513/1/1
f 515/1/1 510/1/1 514/1/1
f 516/1/1 514/1/1 513/1/1
f 517/1/1 514/1/1 516/1/1
f 520/1/1 519/1/1 518/1/1
f 521/1/1 519/1/1 520/1/1
f 524/2/1 523/2/1 522/2/1
f 525/2/1 523/2/1 524/2/1
f 528/1/1 527/1/1 526/1/1
f 529/1/1 527/1/1 528/1/1
f 532/2/1 531/2/1 530/2/1
f 533/2/1 531/2/1 532/2/1
f 538/5/1 535/5/1 534/5/1
f 539/5/1 535/5/1 538/5/1
f 540/5/1 537/5/1 536/5/1
f 541/5/1 537/5/1 540/5/1
f 546/5/1 543/5/1 542/5/1
f 547/5/1 543/5/1 546/5/1
f 548/5/1 545/5/1 544/5/1
f 549/5/1 545/5/1 548/5/1
f 552/5/1 551/5/1 550/5/1
f 553/5/1 551/5/1 552/5/1
f 556/5/1 555/5/1 554/5/1
f 557/5/1 555/5/1 556/5/1
f 560/1/1 559/1/1 558/1/1
f 561/1/1 559/1/1 560/1/1
f 564/2/1 563/2/1 562/2/1
f 565/2/1 563/2/1 564/2/1
f 568/2/1 567/2/1 566/2/1
f 569/2/1 567/2/1 568/2/1
f 575/6/1 571/6/1 570/6/1
f 576/6/1 573/6/1 572/6/1
f 578/6/1 575/6/1 574/6/1
f 579/6/1 571/6/1 575/6/1
f 579/6/1 575/6/1 578/6/1
f 580/6/1 577/6/1 576/6/1
f 580/6/1 576/6/1 572/6/1
f 581/6/1 577/6/1 580/6/1
f 583/6/1 571/6/1 579/6/1
f 584/6/1 571/6/1 583/6/1
f 585/6/1 580/6/1 572/6/1
f 586/6/1 580/6/1 585/6/1
f 588/6/1 584/6/1 583/6/1
f 588/6/1 587/6/1 586/6/1
f 588/6/1 586/6/1 585/6/1
f 588/6/1 585/6/1 584/6/1
f 588/6/1 583/6/1 582/6/1
f 589/6/1 587/6/1 588/6/1
f 594/6/1 593/6/1 592/6/1
f 595/6/1 593/6/1 594/6/1
f 598/6/1 591/6/1 590/6/1
f 599/6/1 591/6/1 598/6/1
f 600/6/1 597/6/1 596/6/1
f 601/6/1 597/6/1 600/6/1
f 604/2/1 603/2/1 602/2/1
f 605/2/1 603/2/1 604/2/1
f 608/6/1 607/6/1 606/6/1
f 609/6/1 607/6/1 608/6/1
f 610/6/1 607/6/1 609/6/1
f 611/6/1 607/6/1 610/6/1
f 613/5/1 610/5/1 609/5/1
f 614/5/1 610/5/1 613/5/1
f 616/5/1 613/5/1 612/5/1
f 616/5/1 615/5/1 614/5/1
f 616/5/1 614/5/1 613/5/1
f 617/5/1 615/5/1 616/5/1
f 618/5/1 615/5/1 617/5/1
f 619/5/1 615/5/1 618/5/1
f 620/5/1 618/5/1 617/5/1
f 621/5/1 618/5/1 620/5/1
f 624/2/1 623/2/1 622/2/1
f 625/2/1 623/2/1 624/2/1
f 628/2/1 627/2/1 626/2/1
f 629/2/1 627/2/1 628/2/1
f 632/2/1 631/2/1 630/2/1
f 633/2/1 631/2/1 632/2/1
f 636/2/1 635/2/1 634/2/1
f 637/2/1 635/2/1 636/2/1
f 640/2/1 639/2/1 638/2/1
f 641/2/1 639/2/1 640/2/1
f 644/2/1 643/2/1 642/2/1
f 645/2/1 643/2/1 644/2/1
f 648/2/1 647/2/1 646/2/1
f 649/2/1 647/2/1 648/2/1
f 654/4/1 651/4/1 650/4/1
f 655/4/1 651/4/1 654/4/1
f 656/2/1 653/2/1 652/2/1
f 657/2/1 653/2/1 656/2/1
f 660/4/1 659/4/1 658/4/1
f 661/4/1 659/4/1 660/4/1
f 664/2/1 663/2/1 662/2/1
f 665/2/1 663/2/1 664/2/1
f 666/4/1 665/4/1 664/4/1
f 667/4/1 665/4/1 666/4/1
f 676/6/1 669/6/1 668/6/1
f 677/6/1 671/6/1 670/6/1
f 678/6/1 673/6/1 672/6/1
f 679/6/1 675/6/1 674/6/1
f 680/6/1 676/6/1 668/6/1
f 680/6/1 677/6/1 676/6/1
f 681/6/1 671/6/1 677/6/1
f 681/6/1 677/6/1 680/6/1
f 682/6/1 678/6/1 672/6/1
f 682/6/1 679/6/1 678/6/1
f 683/6/1 675/6/1 679/6/1
f 683/6/1 679/6/1 682/6/1
f 684/1/1 681/1/1 680/1/1
f 685/1/1 681/1/1 684/1/1
f 686/1/1 681/1/1 685/1/1
f 687/1/1 681/1/1 686/1/1
f 688/1/1 683/1/1 682/1/1
f 689/1/1 683/1/1 688/1/1
f 690/1/1 683/1/1 689/1/1
f 691/1/1 683/1/1 690/1/1
f 692/1/1 686/1/1 685/1/1
f 693/1/1 686/1/1 692/1/1
f 694/1/1 686/1/1 693/1/1
f 695/1/1 686/1/1 694/1/1
f 696/1/1 690/1/1 689/1/1
f 697/1/1 690/1/1 696/1/1
f 698/1/1 690/1/1 697/1/1
f 699/1/1 690/1/1 698/1/1
f 700/1/1 694/1/1 693/1/1
f 701/1/1 694/1/1 700/1/1
f 702/1/1 694/1/1 701/1/1
f 703/1/1 694/1/1 702/1/1
f 704/1/1 698/1/1 697/1/1
f 705/1/1 698/1/1 704/1/1
f 706/1/1 698/1/1 705/1/1
f 707/1/1 698/1/1 706/1/1
f 708/1/1 702/1/1 701/1/1
f 709/1/1 702/1/1 708/1/1
f 710/1/1 706/1/1 705/1/1
f 711/1/1 706/1/1 710/1/1
f 714/2/1 713/2/1 712/2/1
f 715/2/1 713/2/1 714/2/1
f 718/2/1 714/2/1 712/2/1
f 719/2/1 714/2/1 718/2/1
f 724/5/1 717/5/1 716/5/1
f 725/5/1 717/5/1 724/5/1
f 726/2/1 718/2/1 712/2/1
f 727/2/1 718/2/1 726/2/1
f 728/5/1 721/5/1 720/5/1
f 729/5/1 721/5/1 728/5/1
f 730/5/1 723/5/1 722/5/1
f 731/5/1 723/5/1 730/5/1
f 738/5/1 733/5/1 732/5/1
f 739/5/1 733/5/1 738/5/1
f 740/5/1 735/5/1 734/5/1
f 741/5/1 735/5/1 740/5/1
f 742/5/1 737/5/1 736/5/1
f 743/5/1 737/5/1 742/5/1
f 749/6/1 745/6/1 744/6/1
f 750/6/1 745/6/1 749/6/1
f 751/6/1 745/6/1 750/6/1
f 752/6/1 745/6/1 751/6/1
f 753/6/1 745/6/1 752/6/1
f 755/6/1 747/6/1 746/6/1
f 756/6/1 747/6/1 755/6/1
f 757/6/1 747/6/1 756/6/1
f 758/6/1 747/6/1 757/6/1
f 759/6/1 747/6/1 758/6/1
f 760/6/1 747/6/1 759/6/1
f 762/6/1 749/6/1 748/6/1
f 762/6/1 750/6/1 749/6/1
f 763/6/1 750/6/1 762/6/1
f 764/6/1 750/6/1 763/6/1
f 765/5/1 752/5/1 751/5/1
f 766/5/1 752/5/1 765/5/1
f 767/6/1 745/6/1 753/6/1
f 768/6/1 756/6/1 755/6/1
f 768/6/1 755/6/1 754/6/1
f 769/6/1 756/6/1 768/6/1
f 770/6/1 756/6/1 769/6/1
f 771/5/1 758/5/1 757/5/1
f 772/5/1 758/5/1 771/5/1
f 773/6/1 761/6/1 760/6/1
f 773/6/1 760/6/1 759/6/1
f 774/6/1 761/6/1 773/6/1
f 775/6/1 761/6/1 774/6/1
f 777/6/1 764/6/1 763/6/1
f 778/5/1 766/5/1 765/5/1
f 778/5/1 767/5/1 766/5/1
f 778/6/1 764/6/1 777/6/1
f 778/5/1 765/5/1 764/5/1
f 779/5/1 767/5/1 778/5/1
f 780/5/1 767/5/1 779/5/1
f 781/6/1 745/6/1 767/6/1
f 781/5/1 767/5/1 780/5/1
f 783/6/1 770/6/1 769/6/1
f 784/5/1 772/5/1 771/5/1
f 784/5/1 771/5/1 770/5/1
f 784/6/1 770/6/1 783/6/1
f 784/5/1 773/5/1 772/5/1
f 785/5/1 773/5/1 784/5/1
f 786/5/1 773/5/1 785/5/1
f 787/6/1 774/6/1 773/6/1
f 787/5/1 773/5/1 786/5/1
f 788/6/1 774/6/1 787/6/1
f 790/6/1 777/6/1 776/6/1
f 790/6/1 778/6/1 777/6/1
f 791/6/1 778/6/1 790/6/1
f 792/5/1 780/5/1 779/5/1
f 793/5/1 780/5/1 792/5/1
f 794/6/1 745/6/1 781/6/1
f 795/6/1 745/6/1 794/6/1
f 796/6/1 783/6/1 782/6/1
f 796/6/1 784/6/1 783/6/1
f 797/6/1 784/6/1 796/6/1
f 798/5/1 786/5/1 785/5/1
f 799/5/1 786/5/1 798/5/1
f 800/6/1 789/6/1 788/6/1
f 800/6/1 788/6/1 787/6/1
f 801/6/1 789/6/1 800/6/1
f 802/6/2 803/6/2 805/6/2
f 805/6/2 803/6/2 806/6/2
f 806/6/2 803/6/2 807/6/2
f 807/6/2 803/6/2 808/6/2
f 808/6/2 803/6/2 809/6/2
f 809/6/2 803/6/2 810/6/2
f 804/6/2 805/6/2 812/6/2
f 805/6/2 806/6/2 812/6/2
f 812/6/2 806/6/2 813/6/2
f 813/6/2 806/6/2 814/6/2
f 807/5/2 808/5/2 815/5/2
f 815/5/2 808/5/2 816/5/2
f 810/6/2 811/6/2 817/6/2
f 809/6/2 810/6/2 817/6/2
f 817/6/2 811/6/2 818/6/2
f 818/6/2 811/6/2 819/6/2
f 813/6/2 814/6/2 821/6/2
f 815/5/2 816/5/2 822/5/2
f 814/5/2 815/5/2 822/5/2
f 821/6/2 814/6/2 822/6/2
f 816/5/2 817/5/2 822/5/2
f 822/5/2 817/5/2 823/5/2
f 823/5/2 817/5/2 824/5/2
f 817/6/2 818/6/2 825/6/2
f 824/5/2 817/5/2 825/5/2
f 825/6/2 818/6/2 826/6/2
f 820/6/2 821/6/2 828/6/2
f 821/6/2 822/6/2 828/6/2
f 828/6/2 822/6/2 829/6/2
f 823/5/2 824/5/2 830/5/2
f 830/5/2 824/5/2 831/5/2
f 826/6/2 827/6/2 832/6/2
f 825/6/2 826/6/2 832/6/2
f 832/6/2 827/6/2 833/6/2
f 834/5/2 835/5/2 838/5/2
f 838/5/2 835/5/2 839/5/2
f 836/5/2 837/5/2 840/5/2
f 840/5/2 837/5/2 841/5/2
f 842/5/2 843/5/2 846/5/2
f 846/5/2 843/5/2 847/5/2
f 844/5/2 845/5/2 848/5/2
f 848/5/2 845/5/2 849/5/2
f 850/4/2 851/4/2 854/4/2
f 854/4/2 851/4/2 855/4/2
f 852/4/2 853/4/2 856/4/2
f 856/4/2 853/4/2 857/4/2
f 858/6/2 859/6/2 862/6/2
f 860/6/2 861/6/2 863/6/2
f 858/6/2 862/6/2 872/6/2
f 862/6/2 863/6/2 872/6/2
f 863/6/2 861/6/2 873/6/2
f 872/6/2 863/6/2 873/6/2
f 872/1/2 873/1/2 874/1/2
f 874/1/2 873/1/2 875/1/2
f 875/1/2 873/1/2 876/1/2
f 876/1/2 873/1/2 877/1/2
f 864/6/2 865/6/2 879/6/2
f 870/6/2 871/6/2 880/6/2
f 875/1/2 876/1/2 882/1/2
f 882/1/2 876/1/2 883/1/2
f 883/1/2 876/1/2 884/1/2
f 884/1/2 876/1/2 885/1/2
f 878/6/2 879/6/2 886/6/2
f 879/6/2 865/6/2 887/6/2
f 886/6/2 879/6/2 887/6/2
f 880/6/2 881/6/2 888/6/2
f 870/6/2 880/6/2 888/6/2
f 888/6/2 881/6/2 889/6/2
f 883/1/2 884/1/2 890/1/2
f 890/1/2 884/1/2 891/1/2
f 891/1/2 884/1/2 892/1/2
f 892/1/2 884/1/2 893/1/2
f 887/6/2 865/6/2 895/6/2
f 895/6/2 865/6/2 896/6/2
f 866/6/2 867/6/2 897/6/2
f 868/6/2 869/6/2 898/6/2
f 870/6/2 888/6/2 899/6/2
f 899/6/2 888/6/2 900/6/2
f 891/1/2 892/1/2 902/1/2
f 902/1/2 892/1/2 903/1/2
f 896/6/2 897/6/2 904/6/2
f 895/6/2 896/6/2 904/6/2
f 894/6/2 895/6/2 904/6/2
f 897/6/2 867/6/2 905/6/2
f 904/6/2 897/6/2 905/6/2
f 900/6/2 901/6/2 906/6/2
f 868/6/2 898/6/2 906/6/2
f 898/6/2 899/6/2 906/6/2
f 899/6/2 900/6/2 906/6/2
f 906/6/2 901/6/2 907/6/2
f 908/4/2 909/4/2 910/4/2
f 910/4/2 909/4/2 911/4/2
f 912/5/2 913/5/2 916/5/2
f 916/5/2 913/5/2 917/5/2
f 914/5/2 915/5/2 918/5/2
f 918/5/2 915/5/2 919/5/2
f 920/5/2 921/5/2 924/5/2
f 924/5/2 921/5/2 925/5/2
f 922/5/2 923/5/2 926/5/2
f 926/5/2 923/5/2 927/5/2
f 928/6/2 929/6/2 931/6/2
f 931/6/2 929/6/2 932/6/2
f 932/6/2 929/6/2 933/6/2
f 933/6/2 929/6/2 934/6/2
f 930/6/2 931/6/2 936/6/2
f 931/6/2 932/6/2 936/6/2
f 936/6/2 932/6/2 937/6/2
f 937/6/2 932/6/2 938/6/2
f 934/6/2 935/6/2 939/6/2
f 933/6/2 934/6/2 939/6/2
f 939/6/2 935/6/2 940/6/2
f 940/6/2 935/6/2 941/6/2
f 937/6/2 938/6/2 942/6/2
f 939/6/2 940/6/2 942/6/2
f 938/6/2 939/6/2 942/6/2
f 942/6/2 940/6/2 943/6/2
f 944/6/2 945/6/2 946/6/2
f 946/6/2 945/6/2 947/6/2
f 947/6/2 945/6/2 948/6/2
f 948/6/2 945/6/2 949/6/2
f 947/5/2 948/5/2 951/5/2
f 951/5/2 948/5/2 952/5/2
f 950/5/2 951/5/2 954/5/2
f 952/5/2 953/5/2 954/5/2
f 951/5/2 952/5/2 954/5/2
f 954/5/2 953/5/2 955/5/2
f 955/5/2 953/5/2 956/5/2
f 956/5/2 953/5/2 957/5/2
f 955/5/2 956/5/2 958/5/2
f 958/5/2 956/5/2 959/5/2
f 960/6/2 961/6/2 962/6/2
f 962/6/2 961/6/2 963/6/2
f 966/6/2 967/6/2 968/6/2
f 968/6/2 967/6/2 969/6/2
f 964/6/2 965/6/2 970/6/2
f 970/6/2 965/6/2 971/6/2
f 966/6/2 968/6/2 972/6/2
f 972/6/2 973/6/2 974/6/2
f 966/6/2 972/6/2 974/6/2
f 974/6/2 973/6/2 975/6/2
f 978/1/2 979/1/2 980/1/2
f 980/1/2 979/1/2 981/1/2
f 976/2/2 977/2/2 982/2/2
f 982/2/2 977/2/2 983/2/2
f 984/6/2 985/6/2 986/6/2
f 986/6/2 985/6/2 987/6/2
f 988/1/2 989/1/2 990/1/2
f 990/1/2 989/1/2 991/1/2
f 992/1/2 993/1/2 994/1/2
f 994/1/2 993/1/2 995/1/2
f 997/6/2 998/6/2 999/6/2
f 999/6/2 998/6/2 1000/6/2
f 1000/6/2 998/6/2 1001/6/2
f 1001/6/2 998/6/2 1002/6/2
f 997/6/2 999/6/2 1003/6/2
f 1000/5/2 1001/5/2 1004/5/2
f 1004/5/2 1001/5/2 1005/5/2
f 1002/6/2 998/6/2 1006/6/2
f 1004/5/2 1005/5/2 1007/5/2
f 1005/5/2 1006/5/2 1007/5/2
f 997/6/2 1003/6/2 1007/6/2
f 1003/5/2 1004/5/2 1007/5/2
f 1007/5/2 1006/5/2 1008/5/2
f 1008/5/2 1006/5/2 1009/5/2
f 1006/6/2 998/6/2 1010/6/2
f 1009/5/2 1006/5/2 1010/5/2
f 996/2/2 997/2/2 1011/2/2
f 997/6/2 1007/6/2 1012/6/2
f 1011/2/2 997/2/2 1012/2/2
f 1012/6/2 1007/6/2 1013/6/2
f 1008/5/2 1009/5/2 1014/5/2
f 1014/5/2 1009/5/2 1015/5/2
f 1010/6/2 998/6/2 1016/6/2
f 1011/4/2 1012/4/2 1017/4/2
f 1014/6/2 1015/6/2 1018/6/2
f 1017/4/2 1012/4/2 1018/4/2
f 1012/6/2 1013/6/2 1018/6/2
f 1015/6/2 1016/6/2 1018/6/2
f 1013/6/2 1014/6/2 1018/6/2
f 1016/6/2 998/6/2 1019/6/2
f 1018/6/2 1016/6/2 1019/6/2
f 1018/1/2 1019/1/2 1020/1/2
f 1020/1/2 1019/1/2 1021/1/2
f 1022/2/2 1023/2/2 1024/2/2
f 1024/2/2 1023/2/2 1025/2/2
f 1025/2/2 1023/2/2 1026/2/2
f 1026/2/2 1023/2/2 1027/2/2
f 1027/2/2 1023/2/2 1028/2/2
f 1028/2/2 1023/2/2 1029/2/2
f 1029/2/2 1023/2/2 1030/2/2
f 1030/2/2 1023/2/2 1031/2/2
f 1031/2/2 1023/2/2 1032/2/2
f 1032/2/2 1023/2/2 1033/2/2
f 1033/2/2 1023/2/2 1034/2/2
f 1034/2/2 1023/2/2 1035/2/2
f 1035/2/2 1023/2/2 1036/2/2
f 1036/2/2 1023/2/2 1037/2/2
f 1037/2/2 1023/2/2 1038/2/2
f 1037/2/2 1038/2/2 1039/2/2
f 1039/2/2 1038/2/2 1040/2/2
f 1040/2/2 1038/2/2 1041/2/2
f 1041/2/2 1038/2/2 1042/2/2
f 1042/2/2 1038/2/2 1043/2/2
f 1043/2/2 1038/2/2 1044/2/2
f 1045/1/2 1046/1/2 1047/1/2
f 1047/1/2 1046/1/2 1048/1/2
f 1049/4/2 1050/4/2 1053/4/2
f 1053/4/2 1050/4/2 1054/4/2
f 1051/4/2 1052/4/2 1055/4/2
f 1055/4/2 1052/4/2 1056/4/2
f 1055/6/2 1056/6/2 1059/6/2
f 1059/6/2 1056/6/2 1060/6/2
f 1057/6/2 1058/6/2 1061/6/2
f 1061/6/2 1058/6/2 1062/6/2
f 1055/6/2 1059/6/2 1063/6/2
f 1060/6/2 1056/6/2 1064/6/2
f 1055/6/2 1063/6/2 1065/6/2
f 1063/6/2 1064/6/2 1065/6/2
f 1064/6/2 1056/6/2 1066/6/2
f 1065/6/2 1064/6/2 1066/6/2
f 1065/1/2 1066/1/2 1067/1/2
f 1067/1/2 1066/1/2 1068/1/2
f 1069/4/2 1070/4/2 1073/4/2
f 1073/4/2 1070/4/2 1074/4/2
f 1071/4/2 1072/4/2 1075/4/2
f 1075/4/2 1072/4/2 1076/4/2
f 1077/6/2 1078/6/2 1079/6/2
f 1079/6/2 1078/6/2 1080/6/2
f 1081/1/2 1082/1/2 1083/1/2
f 1083/1/2 1082/1/2 1084/1/2
f 1085/4/2 1086/4/2 1089/4/2
f 1089/4/2 1086/4/2 1090/4/2
f 1087/4/2 1088/4/2 1091/4/2
f 1091/4/2 1088/4/2 1092/4/2
f 1093/2/2 1094/2/2 1097/2/2
f 1095/2/2 1096/2/2 1098/2/2
f 1093/2/2 1097/2/2 1099/2/2
f 1097/2/2 1098/2/2 1099/2/2
f 1099/2/2 1098/2/2 1100/2/2
f 1099/4/2 1100/4/2 1103/4/2
f 1100/2/2 1098/2/2 1104/2/2
f 1103/4/2 1100/4/2 1104/4/2
f 1101/6/2 1102/6/2 1105/6/2
f 1105/6/2 1102/6/2 1106/6/2
f 1106/6/2 1102/6/2 1107/6/2
f 1107/6/2 1102/6/2 1108/6/2
f 1106/5/2 1107/5/2 1110/5/2
f 1110/5/2 1107/5/2 1111/5/2
f 1109/5/2 1110/5/2 1113/5/2
f 1111/5/2 1112/5/2 1113/5/2
f 1110/5/2 1111/5/2 1113/5/2
f 1113/5/2 1112/5/2 1114/5/2
f 1114/5/2 1112/5/2 1115/5/2
f 1115/5/2 1112/5/2 1116/5/2
f 1114/5/2 1115/5/2 1117/5/2
f 1117/5/2 1115/5/2 1118/5/2
f 1104/2/2 1098/2/2 1119/2/2
f 1098/2/2 1096/2/2 1120/2/2
f 1119/2/2 1098/2/2 1120/2/2
f 1119/4/2 1120/4/2 1121/4/2
f 1121/4/2 1120/4/2 1122/4/2
f 1122/4/2 1120/4/2 1123/4/2
f 1123/4/2 1120/4/2 1124/4/2
f 1122/4/2 1123/4/2 1125/4/2
f 1125/4/2 1123/4/2 1126/4/2
f 1126/4/2 1123/4/2 1127/4/2
f 1127/4/2 1123/4/2 1128/4/2
f 1126/4/2 1127/4/2 1129/4/2
f 1129/4/2 1127/4/2 1130/4/2
f 1130/4/2 1127/4/2 1131/4/2
f 1131/4/2 1127/4/2 1132/4/2
f 1130/4/2 1131/4/2 1133/4/2
f 1133/4/2 1131/4/2 1134/4/2
f 1133/6/2 1134/6/2 1135/6/2
f 1135/6/2 1134/6/2 1136/6/2
f 1133/6/2 1135/6/2 1137/6/2
f 1136/6/2 1134/6/2 1138/6/2
f 1133/6/2 1137/6/2 1139/6/2
f 1137/6/2 1138/6/2 1139/6/2
f 1138/6/2 1134/6/2 1140/6/2
f 1139/6/2 1138/6/2 1140/6/2
f 1139/1/2 1140/1/2 1141/1/2
f 1141/1/2 1140/1/2 1142/1/2
f 1143/6/2 1144/6/2 1146/6/2
f 1146/6/2 1144/6/2 1147/6/2
f 1147/6/2 1144/6/2 1148/6/2
f 1148/6/2 1144/6/2 1149/6/2
f 1149/6/2 1144/6/2 1150/6/2
f 1150/6/2 1144/6/2 1151/6/2
f 1145/6/2 1146/6/2 1153/6/2
f 1146/6/2 1147/6/2 1153/6/2
f 1153/6/2 1147/6/2 1154/6/2
f 1154/6/2 1147/6/2 1155/6/2
f 1148/5/2 1149/5/2 1156/5/2
f 1156/5/2 1149/5/2 1157/5/2
f 1151/6/2 1152/6/2 1158/6/2
f 1150/6/2 1151/6/2 1158/6/2
f 1158/6/2 1152/6/2 1159/6/2
f 1159/6/2 1152/6/2 1160/6/2
f 1154/6/2 1155/6/2 1162/6/2
f 1156/5/2 1157/5/2 1163/5/2
f 1155/5/2 1156/5/2 1163/5/2
f 1162/6/2 1155/6/2 1163/6/2
f 1157/5/2 1158/5/2 1163/5/2
f 1163/5/2 1158/5/2 1164/5/2
f 1164/5/2 1158/5/2 1165/5/2
f 1158/6/2 1159/6/2 1166/6/2
f 1165/5/2 1158/5/2 1166/5/2
f 1166/6/2 1159/6/2 1167/6/2
f 1161/6/2 1162/6/2 1169/6/2
f 1162/6/2 1163/6/2 1169/6/2
f 1169/6/2 1163/6/2 1170/6/2
f 1164/5/2 1165/5/2 1171/5/2
f 1171/5/2 1165/5/2 1172/5/2
f 1167/6/2 1168/6/2 1173/6/2
f 1166/6/2 1167/6/2 1173/6/2
f 1173/6/2 1168/6/2 1174/6/2
f 1177/6/2 1178/6/2 1179/6/2
f 1179/6/2 1178/6/2 1180/6/2
f 1175/6/2 1176/6/2 1183/6/2
f 1183/6/2 1176/6/2 1184/6/2
f 1181/6/2 1182/6/2 1185/6/2
f 1185/6/2 1182/6/2 1186/6/2
f 1187/5/2 1188/5/2 1191/5/2
f 1191/5/2 1188/5/2 1192/5/2
f 1189/5/2 1190/5/2 1193/5/2
f 1193/5/2 1190/5/2 1194/5/2
f 1195/5/2 1196/5/2 1199/5/2
f 1199/5/2 1196/5/2 1200/5/2
f 1197/5/2 1198/5/2 1201/5/2
f 1201/5/2 1198/5/2 1202/5/2
f 1203/5/2 1204/5/2 1205/5/2
f 1205/5/2 1204/5/2 1206/5/2
f 1207/5/2 1208/5/2 1209/5/2
f 1209/5/2 1208/5/2 1210/5/2
f 1211/1/2 1212/1/2 1213/1/2
f 1213/1/2 1212/1/2 1214/1/2
f 1215/1/2 1216/1/2 1217/1/2
f 1217/1/2 1216/1/2 1218/1/2
f 1219/2/2 1220/2/2 1223/2/2
f 1220/2/2 1221/2/2 1223/2/2
f 1222/2/2 1223/2/2 1225/2/2
f 1224/2/2 1225/2/2 1227/2/2
f 1226/2/2 1227/2/2 1229/2/2
f 1223/2/2 1221/2/2 1230/2/2
f 1225/2/2 1223/2/2 1230/2/2
f 1229/2/2 1227/2/2 1230/2/2
f 1227/2/2 1225/2/2 1230/2/2
f 1228/4/2 1229/4/2 1231/4/2
f 1229/4/2 1230/4/2 1231/4/2
f 1231/4/2 1230/4/2 1232/4/2
f 1232/6/2 1233/6/2 1236/6/2
f 1234/6/2 1235/6/2 1237/6/2
f 1232/6/2 1236/6/2 1238/6/2
f 1236/6/2 1237/6/2 1238/6/2
f 1237/6/2 1235/6/2 1239/6/2
f 1238/6/2 1237/6/2 1239/6/2
f 1238/1/2 1239/1/2 1240/1/2
f 1240/1/2 1239/1/2 1241/1/2
f 1241/1/2 1239/1/2 1242/1/2
f 1242/1/2 1239/1/2 1243/1/2
f 1241/1/2 1242/1/2 1244/1/2
f 1244/1/2 1242/1/2 1245/1/2
f 1245/1/2 1242/1/2 1246/1/2
f 1246/1/2 1242/1/2 1247/1/2
f 1245/1/2 1246/1/2 1248/1/2
f 1248/1/2 1246/1/2 1249/1/2
f 1249/1/2 1246/1/2 1250/1/2
f 1250/1/2 1246/1/2 1251/1/2
f 1249/1/2 1250/1/2 1252/1/2
f 1252/1/2 1250/1/2 1253/1/2
f 1254/1/2 1255/1/2 1256/1/2
f 1256/1/2 1255/1/2 1257/1/2
f 1258/2/2 1259/2/2 1260/2/2
f 1260/2/2 1259/2/2 1261/2/2
f 1258/2/2 1260/2/2 1262/2/2
f 1262/2/2 1260/2/2 1263/2/2
f 1262/4/2 1263/4/2 1264/4/2
f 1264/4/2 1263/4/2 1265/4/2
f 1265/4/2 1263/4/2 1266/4/2
f 1264/6/2 1265/6/2 1267/6/2
f 1267/6/2 1265/6/2 1268/6/2
f 1268/6/2 1265/6/2 1269/6/2
f 1269/6/2 1265/6/2 1270/6/2
f 1264/6/2 1267/6/2 1271/6/2
f 1268/5/2 1269/5/2 1272/5/2
f 1272/5/2 1269/5/2 1273/5/2
f 1270/6/2 1265/6/2 1274/6/2
f 1272/5/2 1273/5/2 1275/5/2
f 1273/5/2 1274/5/2 1275/5/2
f 1264/6/2 1271/6/2 1275/6/2
f 1271/5/2 1272/5/2 1275/5/2
f 1275/5/2 1274/5/2 1276/5/2
f 1276/5/2 1274/5/2 1277/5/2
f 1274/6/2 1265/6/2 1278/6/2
f 1277/5/2 1274/5/2 1278/5/2
f 1264/6/2 1275/6/2 1279/6/2
f 1276/5/2 1277/5/2 1280/5/2
f 1280/5/2 1277/5/2 1281/5/2
f 1278/6/2 1265/6/2 1282/6/2
f 1264/6/2 1279/6/2 1283/6/2
f 1281/6/2 1282/6/2 1283/6/2
f 1280/6/2 1281/6/2 1283/6/2
f 1279/6/2 1280/6/2 1283/6/2
f 1282/6/2 1265/6/2 1284/6/2
f 1283/6/2 1282/6/2 1284/6/2
f 1283/1/2 1284/1/2 1285/1/2
f 1285/1/2 1284/1/2 1286/1/2
f 1287/2/2 1288/2/2 1289/2/2
f 1289/2/2 1288/2/2 1290/2/2
f 1287/2/2 1289/2/2 1291/2/2
f 1291/2/2 1289/2/2 1292/2/2
f 1287/2/2 1291/2/2 1293/2/2
f 1293/2/2 1291/2/2 1294/2/2
f 1287/2/2 1293/2/2 1295/2/2
f 1295/2/2 1293/2/2 1296/2/2
f 1297/2/2 1298/2/2 1299/2/2
f 1299/2/2 1298/2/2 1300/2/2
f 1301/2/2 1302/2/2 1303/2/2
f 1303/2/2 1302/2/2 1304/2/2
f 1305/2/2 1306/2/2 1307/2/2
f 1307/2/2 1306/2/2 1308/2/2
f 1309/6/2 1310/6/2 1318/6/2
f 1313/6/2 1314/6/2 1320/6/2
f 1315/6/2 1316/6/2 1321/6/2
f 1317/6/2 1318/6/2 1323/6/2
f 1318/6/2 1310/6/2 1324/6/2
f 1323/6/2 1318/6/2 1324/6/2
f 1319/6/2 1320/6/2 1325/6/2
f 1320/6/2 1314/6/2 1326/6/2
f 1325/6/2 1320/6/2 1326/6/2
f 1321/6/2 1322/6/2 1327/6/2
f 1315/6/2 1321/6/2 1327/6/2
f 1327/6/2 1322/6/2 1328/6/2
f 1324/6/2 1310/6/2 1330/6/2
f 1330/6/2 1310/6/2 1331/6/2
f 1311/6/2 1312/6/2 1332/6/2
f 1326/6/2 1314/6/2 1334/6/2
f 1334/6/2 1314/6/2 1335/6/2
f 1315/6/2 1327/6/2 1336/6/2
f 1336/6/2 1327/6/2 1337/6/2
f 1330/6/2 1331/6/2 1339/6/2
f 1331/6/2 1332/6/2 1339/6/2
f 1329/6/2 1330/6/2 1339/6/2
f 1332/6/2 1312/6/2 1340/6/2
f 1339/6/2 1332/6/2 1340/6/2
f 1334/6/2 1335/6/2 1343/6/2
f 1337/6/2 1338/6/2 1343/6/2
f 1336/6/2 1337/6/2 1343/6/2
f 1335/6/2 1336/6/2 1343/6/2
f 1333/6/2 1334/6/2 1343/6/2
f 1343/6/2 1338/6/2 1344/6/2
f 1341/2/2 1342/2/2 1345/2/2
f 1345/2/2 1342/2/2 1346/2/2
f 1347/2/2 1348/2/2 1349/2/2
f 1349/2/2 1348/2/2 1350/2/2
f 1351/5/2 1352/5/2 1357/5/2
f 1357/5/2 1352/5/2 1358/5/2
f 1353/5/2 1354/5/2 1359/5/2
f 1359/5/2 1354/5/2 1360/5/2
f 1355/5/2 1356/5/2 1361/5/2
f 1361/5/2 1356/5/2 1362/5/2
f 1363/5/2 1364/5/2 1369/5/2
f 1369/5/2 1364/5/2 1370/5/2
f 1365/5/2 1366/5/2 1371/5/2
f 1371/5/2 1366/5/2 1372/5/2
f 1367/5/2 1368/5/2 1373/5/2
f 1373/5/2 1368/5/2 1374/5/2
f 1375/2/2 1376/2/2 1377/2/2
f 1377/2/2 1376/2/2 1378/2/2
f 1377/4/2 1378/4/2 1379/4/2
f 1379/4/2 1378/4/2 1380/4/2
f 1380/4/2 1378/4/2 1381/4/2
f 1381/4/2 1378/4/2 1382/4/2
f 1382/4/2 1378/4/2 1383/4/2
f 1380/2/2 1381/2/2 1384/2/2
f 1384/2/2 1381/2/2 1385/2/2
f 1379/6/2 1380/6/2 1386/6/2
f 1386/6/2 1380/6/2 1387/6/2
f 1387/6/2 1380/6/2 1388/6/2
f 1388/6/2 1380/6/2 1389/6/2
f 1380/2/2 1384/2/2 1390/2/2
f 1390/2/2 1384/2/2 1391/2/2
f 1382/6/2 1383/6/2 1392/6/2
f 1392/6/2 1383/6/2 1393/6/2
f 1393/6/2 1383/6/2 1394/6/2
f 1394/6/2 1383/6/2 1395/6/2
f 1379/6/2 1386/6/2 1396/6/2
f 1387/5/2 1388/5/2 1397/5/2
f 1397/5/2 1388/5/2 1398/5/2
f 1389/6/2 1380/6/2 1399/6/2
f 1380/2/2 1390/2/2 1400/2/2
f 1400/2/2 1390/2/2 1401/2/2
f 1382/6/2 1392/6/2 1402/6/2
f 1393/5/2 1394/5/2 1403/5/2
f 1403/5/2 1394/5/2 1404/5/2
f 1395/6/2 1383/6/2 1405/6/2
f 1398/5/2 1399/5/2 1406/5/2
f 1397/5/2 1398/5/2 1406/5/2
f 1379/6/2 1396/6/2 1406/6/2
f 1396/5/2 1397/5/2 1406/5/2
f 1406/5/2 1399/5/2 1407/5/2
f 1407/5/2 1399/5/2 1408/5/2
f 1399/6/2 1380/6/2 1409/6/2
f 1408/5/2 1399/5/2 1409/5/2
f 1380/2/2 1400/2/2 1410/2/2
f 1409/6/2 1380/6/2 1410/6/2
f 1410/2/2 1400/2/2 1411/2/2
f 1403/5/2 1404/5/2 1412/5/2
f 1404/5/2 1405/5/2 1412/5/2
f 1382/6/2 1402/6/2 1412/6/2
f 1402/5/2 1403/5/2 1412/5/2
f 1412/5/2 1405/5/2 1413/5/2
f 1413/5/2 1405/5/2 1414/5/2
f 1405/6/2 1383/6/2 1415/6/2
f 1414/5/2 1405/5/2 1415/5/2
f 1379/6/2 1406/6/2 1416/6/2
f 1407/5/2 1408/5/2 1417/5/2
f 1417/5/2 1408/5/2 1418/5/2
f 1409/6/2 1410/6/2 1419/6/2
f 1382/6/2 1412/6/2 1420/6/2
f 1413/5/2 1414/5/2 1421/5/2
f 1421/5/2 1414/5/2 1422/5/2
f 1415/6/2 1383/6/2 1423/6/2
f 1417/6/2 1418/6/2 1424/6/2
f 1418/6/2 1419/6/2 1424/6/2
f 1379/6/2 1416/6/2 1424/6/2
f 1416/6/2 1417/6/2 1424/6/2
f 1419/6/2 1410/6/2 1425/6/2
f 1424/6/2 1419/6/2 1425/6/2
f 1421/6/2 1422/6/2 1426/6/2
f 1422/6/2 1423/6/2 1426/6/2
f 1382/6/2 1420/6/2 1426/6/2
f 1420/6/2 1421/6/2 1426/6/2
f 1423/6/2 1383/6/2 1427/6/2
f 1426/6/2 1423/6/2 1427/6/2
f 1424/1/2 1425/1/2 1428/1/2
f 1428/1/2 1425/1/2 1429/1/2
f 1429/1/2 1425/1/2 1430/1/2
f 1430/1/2 1425/1/2 1431/1/2
f 1426/1/2 1427/1/2 1432/1/2
f 1432/1/2 1427/1/2 1433/1/2
f 1433/1/2 1427/1/2 1434/1/2
f 1434/1/2 1427/1/2 1435/1/2
f 1429/1/2 1430/1/2 1436/1/2
f 1436/1/2 1430/1/2 1437/1/2
f 1437/1/2 1430/1/2 1438/1/2
f 1438/1/2 1430/1/2 1439/1/2
f 1433/1/2 1434/1/2 1440/1/2
f 1440/1/2 1434/1/2 1441/1/2
f 1441/1/2 1434/1/2 1442/1/2
f 1442/1/2 1434/1/2 1443/1/2
f 1437/1/2 1438/1/2 1444/1/2
f 1444/1/2 1438/1/2 1445/1/2
f 1445/1/2 1438/1/2 1446/1/2
f 1446/1/2 1438/1/2 1447/1/2
f 1441/1/2 1442/1/2 1448/1/2
f 1448/1/2 1442/1/2 1449/1/2
f 1449/1/2 1442/1/2 1450/1/2
f 1450/1/2 1442/1/2 1451/1/2
f 1445/1/2 1446/1/2 1452/1/2
f 1452/1/2 1446/1/2 1453/1/2
f 1449/1/2 1450/1/2 1454/1/2
f 1454/1/2 1450/1/2 1455/1/2
f 1462/2/3 1457/2/3 1456/2/3
f 1462/4/3 1458/4/3 1457/4/3
f 1463/4/3 1458/4/3 1462/4/3
f 1464/2/3 1460/2/3 1459/2/3
f 1465/4/3 1461/4/3 1460/4/3
f 1468/1/3 1467/1/3 1466/1/3
f 1470/6/3 1466/6/3 1465/6/3
f 1471/6/3 1466/6/3 1470/6/3
f 1472/6/3 1466/6/3 1471/6/3
f 1473/6/3 1466/6/3 1472/6/3
f 1474/1/3 1469/1/3 1468/1/3
f 1476/6/3 1470/6/3 1465/6/3
f 1477/5/3 1472/5/3 1471/5/3
f 1478/5/3 1472/5/3 1477/5/3
f 1479/6/3 1466/6/3 1473/6/3
f 1480/1/3 1475/1/3 1474/1/3
f 1482/5/3 1478/5/3 1477/5/3
f 1482/5/3 1479/5/3 1478/5/3
f 1482/6/3 1476/6/3 1465/6/3
f 1482/5/3 1477/5/3 1476/5/3
f 1483/5/3 1479/5/3 1482/5/3
f 1484/5/3 1479/5/3 1483/5/3
f 1485/6/3 1466/6/3 1479/6/3
f 1485/5/3 1479/5/3 1484/5/3
f 1486/1/3 1481/1/3 1480/1/3
f 1486/1/3 1480/1/3 1474/1/3
f 1487/1/3 1481/1/3 1486/1/3
f 1488/6/3 1482/6/3 1465/6/3
f 1489/5/3 1484/5/3 1483/5/3
f 1490/5/3 1484/5/3 1489/5/3
f 1491/6/3 1466/6/3 1485/6/3
f 1492/1/3 1474/1/3 1468/1/3
f 1492/1/3 1486/1/3 1474/1/3
f 1493/1/3 1486/1/3 1492/1/3
f 1494/1/3 1468/1/3 1466/1/3
f 1494/1/3 1492/1/3 1468/1/3
f 1495/1/3 1492/1/3 1494/1/3
f 1496/2/3 1464/2/3 1463/2/3
f 1496/2/3 1463/2/3 1462/2/3
f 1497/2/3 1464/2/3 1496/2/3
f 1498/2/3 1460/2/3 1464/2/3
f 1498/2/3 1464/2/3 1497/2/3
f 1498/4/3 1465/4/3 1460/4/3
f 1499/6/3 1490/6/3 1489/6/3
f 1499/4/3 1465/4/3 1498/4/3
f 1499/6/3 1491/6/3 1490/6/3
f 1499/6/3 1488/6/3 1465/6/3
f 1499/6/3 1489/6/3 1488/6/3
f 1500/1/3 1494/1/3 1466/1/3
f 1500/6/3 1491/6/3 1499/6/3
f 1500/6/3 1466/6/3 1491/6/3
f 1501/1/3 1494/1/3 1500/1/3
f 1502/4/3 1497/4/3 1496/4/3
f 1505/6/3 1503/6/3 1502/6/3
f 1506/6/3 1503/6/3 1505/6/3
f 1507/6/3 1503/6/3 1506/6/3
f 1508/6/3 1503/6/3 1507/6/3
f 1509/6/3 1505/6/3 1502/6/3
f 1510/5/3 1507/5/3 1506/5/3
f 1511/5/3 1507/5/3 1510/5/3
f 1512/6/3 1503/6/3 1508/6/3
f 1513/5/3 1511/5/3 1510/5/3
f 1513/5/3 1512/5/3 1511/5/3
f 1513/6/3 1509/6/3 1502/6/3
f 1513/5/3 1510/5/3 1509/5/3
f 1514/5/3 1512/5/3 1513/5/3
f 1515/5/3 1512/5/3 1514/5/3
f 1516/6/3 1503/6/3 1512/6/3
f 1516/5/3 1512/5/3 1515/5/3
f 1517/6/3 1513/6/3 1502/6/3
f 1518/5/3 1515/5/3 1514/5/3
f 1519/5/3 1515/5/3 1518/5/3
f 1520/6/3 1503/6/3 1516/6/3
f 1521/2/3 1462/2/3 1456/2/3
f 1521/2/3 1496/2/3 1462/2/3
f 1522/4/3 1502/4/3 1496/4/3
f 1522/2/3 1496/2/3 1521/2/3
f 1523/6/3 1520/6/3 1519/6/3
f 1523/4/3 1502/4/3 1522/4/3
f 1523/6/3 1517/6/3 1502/6/3
f 1523/6/3 1519/6/3 1518/6/3
f 1523/6/3 1518/6/3 1517/6/3
f 1524/6/3 1503/6/3 1520/6/3
f 1524/6/3 1520/6/3 1523/6/3
f 1524/1/3 1504/1/3 1503/1/3
f 1525/1/3 1504/1/3 1524/1/3
f 1528/1/3 1527/1/3 1526/1/3
f 1529/1/3 1527/1/3 1528/1/3
f 1534/5/3 1531/5/3 1530/5/3
f 1535/5/3 1531/5/3 1534/5/3
f 1536/5/3 1533/5/3 1532/5/3
f 1537/5/3 1533/5/3 1536/5/3
f 1542/5/3 1539/5/3 1538/5/3
f 1543/5/3 1539/5/3 1542/5/3
f 1544/5/3 1541/5/3 1540/5/3
f 1545/5/3 1541/5/3 1544/5/3
f 1548/1/3 1547/1/3 1546/1/3
f 1549/1/3 1547/1/3 1548/1/3
f 1552/2/3 1551/2/3 1550/2/3
f 1553/2/3 1551/2/3 1552/2/3
f 1560/5/3 1557/5/3 1556/5/3
f 1561/5/3 1557/5/3 1560/5/3
f 1562/5/3 1559/5/3 1558/5/3
f 1563/5/3 1559/5/3 1562/5/3
f 1564/1/3 1555/1/3 1554/1/3
f 1565/1/3 1555/1/3 1564/1/3
f 1568/2/3 1567/2/3 1566/2/3
f 1569/2/3 1567/2/3 1568/2/3
f 1575/6/3 1571/6/3 1570/6/3
f 1576/6/3 1571/6/3 1575/6/3
f 1577/6/3 1573/6/3 1572/6/3
f 1578/6/3 1576/6/3 1575/6/3
f 1578/6/3 1577/6/3 1576/6/3
f 1578/6/3 1575/6/3 1574/6/3
f 1579/6/3 1573/6/3 1577/6/3
f 1579/6/3 1577/6/3 1578/6/3
f 1581/6/3 1573/6/3 1579/6/3
f 1582/6/3 1581/6/3 1580/6/3
f 1583/6/3 1581/6/3 1582/6/3
f 1584/6/3 1581/6/3 1583/6/3
f 1585/6/3 1573/6/3 1581/6/3
f 1585/6/3 1581/6/3 1584/6/3
f 1586/6/3 1584/6/3 1583/6/3
f 1587/6/3 1584/6/3 1586/6/3
f 1588/6/3 1573/6/3 1585/6/3
f 1589/6/3 1573/6/3 1588/6/3
f 1593/6/3 1591/6/3 1590/6/3
f 1594/6/3 1591/6/3 1593/6/3
f 1595/6/3 1591/6/3 1594/6/3
f 1596/6/3 1591/6/3 1595/6/3
f 1597/6/3 1593/6/3 1590/6/3
f 1598/5/3 1595/5/3 1594/5/3
f 1599/5/3 1595/5/3 1598/5/3
f 1600/6/3 1591/6/3 1596/6/3
f 1601/5/3 1599/5/3 1598/5/3
f 1601/5/3 1600/5/3 1599/5/3
f 1601/6/3 1597/6/3 1590/6/3
f 1601/5/3 1598/5/3 1597/5/3
f 1602/5/3 1600/5/3 1601/5/3
f 1603/5/3 1600/5/3 1602/5/3
f 1604/6/3 1591/6/3 1600/6/3
f 1604/5/3 1600/5/3 1603/5/3
f 1605/6/3 1601/6/3 1590/6/3
f 1606/5/3 1603/5/3 1602/5/3
f 1607/5/3 1603/5/3 1606/5/3
f 1608/6/3 1591/6/3 1604/6/3
f 1609/6/3 1605/6/3 1590/6/3
f 1609/6/3 1608/6/3 1607/6/3
f 1609/6/3 1607/6/3 1606/6/3
f 1609/6/3 1606/6/3 1605/6/3
f 1610/1/3 1592/1/3 1591/1/3
f 1610/6/3 1608/6/3 1609/6/3
f 1610/6/3 1591/6/3 1608/6/3
f 1611/1/3 1592/1/3 1610/1/3
f 1614/2/3 1613/2/3 1612/2/3
f 1615/2/3 1613/2/3 1614/2/3
f 1618/6/3 1617/6/3 1616/6/3
f 1619/6/3 1617/6/3 1618/6/3
f 1624/6/3 1621/6/3 1620/6/3
f 1625/6/3 1621/6/3 1624/6/3
f 1626/6/3 1623/6/3 1622/6/3
f 1627/6/3 1623/6/3 1626/6/3
f 1632/3/3 1629/3/3 1628/3/3
f 1633/3/3 1629/3/3 1632/3/3
f 1636/3/3 1635/3/3 1634/3/3
f 1637/3/3 1635/3/3 1636/3/3
f 1638/1/3 1631/1/3 1630/1/3
f 1639/1/3 1631/1/3 1638/1/3
f 1642/2/3 1641/2/3 1640/2/3
f 1643/2/3 1641/2/3 1642/2/3
f 1646/6/3 1645/6/3 1644/6/3
f 1647/6/3 1645/6/3 1646/6/3
f 1650/1/3 1649/1/3 1648/1/3
f 1651/1/3 1649/1/3 1650/1/3
f 1654/2/3 1653/2/3 1652/2/3
f 1655/2/3 1653/2/3 1654/2/3
f 1660/2/3 1657/2/3 1656/2/3
f 1661/4/3 1658/4/3 1657/4/3
f 1661/2/3 1660/2/3 1659/2/3
f 1661/2/3 1657/2/3 1660/2/3
f 1662/4/3 1658/4/3 1661/4/3
f 1663/2/3 1661/2/3 1659/2/3
f 1663/2/3 1662/2/3 1661/2/3
f 1664/2/3 1662/2/3 1663/2/3
f 1665/2/3 1663/2/3 1659/2/3
f 1666/2/3 1663/2/3 1665/2/3
f 1667/2/3 1665/2/3 1659/2/3
f 1668/2/3 1665/2/3 1667/2/3
f 1669/2/3 1665/2/3 1668/2/3
f 1672/1/3 1671/1/3 1670/1/3
f 1673/1/3 1671/1/3 1672/1/3
f 1676/2/3 1675/2/3 1674/2/3
f 1677/2/3 1675/2/3 1676/2/3
f 1680/2/3 1679/2/3 1678/2/3
f 1681/2/3 1679/2/3 1680/2/3
f 1684/6/3 1683/6/3 1682/6/3
f 1685/6/3 1683/6/3 1684/6/3
f 1688/2/3 1687/2/3 1686/2/3
f 1689/2/3 1687/2/3 1688/2/3
f 1692/6/3 1691/6/3 1690/6/3
f 1693/6/3 1691/6/3 1692/6/3
f 1696/2/3 1695/2/3 1694/2/3
f 1697/2/3 1695/2/3 1696/2/3
f 1702/3/3 1699/3/3 1698/3/3
f 1703/3/3 1699/3/3 1702/3/3
f 1704/1/3 1701/1/3 1700/1/3
f 1705/1/3 1701/1/3 1704/1/3
f 1708/2/3 1707/2/3 1706/2/3
f 1709/2/3 1707/2/3 1708/2/3
f 1712/1/3 1711/1/3 1710/1/3
f 1713/1/3 1711/1/3 1712/1/3
f 1716/2/3 1715/2/3 1714/2/3
f 1717/2/3 1715/2/3 1716/2/3
f 1720/1/3 1719/1/3 1718/1/3
f 1721/1/3 1719/1/3 1720/1/3
f 1725/4/3 1724/4/3 1723/4/3
f 1727/4/3 1726/4/3 1725/4/3
f 1729/4/3 1728/4/3 1727/4/3
f 1731/2/3 1723/2/3 1722/2/3
f 1732/4/3 1730/4/3 1729/4/3
f 1732/2/3 1723/2/3 1731/2/3
f 1732/4/3 1725/4/3 1723/4/3
f 1732/4/3 1729/4/3 1727/4/3
f 1732/4/3 1727/4/3 1725/4/3
f 1733/4/3 1730/4/3 1732/4/3
f 1736/4/3 1730/4/3 1733/4/3
f 1737/4/3 1730/4/3 1736/4/3
f 1737/4/3 1736/4/3 1735/4/3
f 1738/4/3 1730/4/3 1737/4/3
f 1739/4/3 1737/4/3 1735/4/3
f 1740/4/3 1737/4/3 1739/4/3
f 1741/4/3 1739/4/3 1735/4/3
f 1742/4/3 1739/4/3 1741/4/3
f 1743/2/3 1735/2/3 1734/2/3
f 1744/4/3 1741/4/3 1735/4/3
f 1744/2/3 1735/2/3 1743/2/3
f 1745/4/3 1741/4/3 1744/4/3
f 1748/4/3 1747/4/3 1746/4/3
f 1749/4/3 1747/4/3 1748/4/3
f 1752/4/3 1751/4/3 1750/4/3
f 1753/4/3 1751/4/3 1752/4/3
f 1756/6/3 1755/6/3 1754/6/3
f 1757/6/3 1755/6/3 1756/6/3
f 1760/4/3 1759/4/3 1758/4/3
f 1761/4/3 1759/4/3 1760/4/3
f 1764/4/3 1763/4/3 1762/4/3
f 1765/4/3 1763/4/3 1764/4/3
f 1770/6/3 1767/6/3 1766/6/3
f 1771/5/3 1769/5/3 1768/5/3
f 1772/5/3 1769/5/3 1771/5/3
f 1774/6/3 1770/6/3 1766/6/3
f 1774/5/3 1773/5/3 1772/5/3
f 1774/5/3 1772/5/3 1771/5/3
f 1774/5/3 1771/5/3 1770/5/3
f 1775/5/3 1773/5/3 1774/5/3
f 1776/5/3 1773/5/3 1775/5/3
f 1777/5/3 1773/5/3 1776/5/3
f 1778/6/3 1774/6/3 1766/6/3
f 1779/6/3 1774/6/3 1778/6/3
f 1780/5/3 1776/5/3 1775/5/3
f 1781/5/3 1776/5/3 1780/5/3
f 1786/6/3 1784/6/3 1783/6/3
f 1787/6/3 1784/6/3 1786/6/3
f 1788/1/3 1785/1/3 1784/1/3
f 1790/4/3 1783/4/3 1782/4/3
f 1791/6/3 1786/6/3 1783/6/3
f 1791/4/3 1783/4/3 1790/4/3
f 1792/6/3 1786/6/3 1791/6/3
f 1793/6/3 1784/6/3 1787/6/3
f 1794/6/3 1792/6/3 1791/6/3
f 1794/6/3 1793/6/3 1792/6/3
f 1795/6/3 1784/6/3 1793/6/3
f 1795/6/3 1793/6/3 1794/6/3
f 1796/1/3 1789/1/3 1788/1/3
f 1799/6/3 1784/6/3 1795/6/3
f 1800/1/3 1796/1/3 1788/1/3
f 1800/1/3 1797/1/3 1796/1/3
f 1801/1/3 1797/1/3 1800/1/3
f 1803/6/3 1799/6/3 1798/6/3
f 1804/6/3 1799/6/3 1803/6/3
f 1805/6/3 1784/6/3 1799/6/3
f 1805/6/3 1799/6/3 1804/6/3
f 1806/1/3 1788/1/3 1784/1/3
f 1806/1/3 1800/1/3 1788/1/3
f 1807/1/3 1800/1/3 1806/1/3
f 1808/6/3 1804/6/3 1803/6/3
f 1809/6/3 1784/6/3 1805/6/3
f 1810/4/3 1803/4/3 1802/4/3
f 1811/6/3 1808/6/3 1803/6/3
f 1811/4/3 1803/4/3 1810/4/3
f 1811/6/3 1809/6/3 1808/6/3
f 1812/6/3 1784/6/3 1809/6/3
f 1812/6/3 1809/6/3 1811/6/3
f 1812/1/3 1806/1/3 1784/1/3
f 1813/1/3 1806/1/3 1812/1/3
f 1816/6/3 1815/6/3 1814/6/3
f 1817/6/3 1815/6/3 1816/6/3
f 1820/6/3 1819/6/3 1818/6/3
f 1821/6/3 1819/6/3 1820/6/3
f 1826/6/3 1823/6/3 1822/6/3
f 1827/6/3 1825/6/3 1824/6/3
f 1828/6/3 1826/6/3 1822/6/3
f 1828/6/3 1827/6/3 1826/6/3
f 1829/6/3 1825/6/3 1827/6/3
f 1829/6/3 1827/6/3 1828/6/3
f 1834/2/3 1831/2/3 1830/2/3
f 1835/2/3 1831/2/3 1834/2/3
f 1836/2/3 1831/2/3 1835/2/3
f 1837/2/3 1831/2/3 1836/2/3
f 1838/6/3 1833/6/3 1832/6/3
f 1839/6/3 1833/6/3 1838/6/3
f 1840/2/3 1831/2/3 1837/2/3
f 1841/2/3 1831/2/3 1840/2/3
f 1842/6/3 1838/6/3 1832/6/3
f 1843/6/3 1838/6/3 1842/6/3
f 1844/6/3 1833/6/3 1839/6/3
f 1845/6/3 1833/6/3 1844/6/3
f 1846/2/3 1831/2/3 1841/2/3
f 1847/2/3 1831/2/3 1846/2/3
f 1851/6/3 1849/6/3 1848/6/3
f 1852/6/3 1849/6/3 1851/6/3
f 1854/6/3 1851/6/3 1850/6/3
f 1854/6/3 1853/6/3 1852/6/3
f 1854/6/3 1852/6/3 1851/6/3
f 1855/6/3 1853/6/3 1854/6/3
f 1856/6/3 1854/6/3 1850/6/3
f 1857/6/3 1853/6/3 1855/6/3
f 1858/6/3 1856/6/3 1850/6/3
f 1858/6/3 1857/6/3 1856/6/3
f 1859/6/3 1857/6/3 1858/6/3
f 1860/6/3 1853/6/3 1857/6/3
f 1860/6/3 1857/6/3 1859/6/3
f 1861/6/3 1853/6/3 1860/6/3
f 1862/6/3 1860/6/3 1859/6/3
f 1863/6/3 1860/6/3 1862/6/3
f 1867/6/3 1865/6/3 1864/6/3
f 1868/6/3 1865/6/3 1867/6/3
f 1869/1/3 1866/1/3 1865/1/3
f 1871/6/3 1865/6/3 1868/6/3
f 1872/6/3 1865/6/3 1871/6/3
f 1873/1/3 1870/1/3 1869/1/3
f 1875/6/3 1865/6/3 1872/6/3
f 1876/6/3 1865/6/3 1875/6/3
f 1877/1/3 1874/1/3 1873/1/3
f 1879/6/3 1865/6/3 1876/6/3
f 1880/1/3 1878/1/3 1877/1/3
f 1880/6/3 1865/6/3 1879/6/3
f 1880/1/3 1869/1/3 1865/1/3
f 1880/1/3 1877/1/3 1873/1/3
f 1880/1/3 1873/1/3 1869/1/3
f 1881/1/3 1878/1/3 1880/1/3
f 1882/1/3 1878/1/3 1881/1/3
f 1883/1/3 1881/1/3 1880/1/3
f 1884/1/3 1881/1/3 1883/1/3
f 1885/1/3 1883/1/3 1880/1/3
f 1886/1/3 1883/1/3 1885/1/3
f 1887/1/3 1885/1/3 1880/1/3
f 1888/1/3 1885/1/3 1887/1/3
f 1894/6/3 1892/6/3 1891/6/3
f 1895/6/3 1892/6/3 1894/6/3
f 1896/6/3 1892/6/3 1895/6/3
f 1897/6/3 1892/6/3 1896/6/3
f 1898/6/3 1894/6/3 1891/6/3
f 1899/5/3 1896/5/3 1895/5/3
f 1900/5/3 1896/5/3 1899/5/3
f 1901/6/3 1892/6/3 1897/6/3
f 1902/5/3 1900/5/3 1899/5/3
f 1902/5/3 1901/5/3 1900/5/3
f 1902/6/3 1898/6/3 1891/6/3
f 1902/5/3 1899/5/3 1898/5/3
f 1903/5/3 1901/5/3 1902/5/3
f 1904/5/3 1901/5/3 1903/5/3
f 1905/6/3 1892/6/3 1901/6/3
f 1905/5/3 1901/5/3 1904/5/3
f 1906/6/3 1902/6/3 1891/6/3
f 1907/5/3 1904/5/3 1903/5/3
f 1908/5/3 1904/5/3 1907/5/3
f 1909/6/3 1892/6/3 1905/6/3
f 1910/2/3 1890/2/3 1889/2/3
f 1912/6/3 1909/6/3 1908/6/3
f 1912/6/3 1906/6/3 1891/6/3
f 1912/6/3 1908/6/3 1907/6/3
f 1912/6/3 1907/6/3 1906/6/3
f 1913/1/3 1893/1/3 1892/1/3
f 1913/6/3 1892/6/3 1909/6/3
f 1913/6/3 1909/6/3 1912/6/3
f 1914/1/3 1893/1/3 1913/1/3
f 1915/2/3 1911/2/3 1910/2/3
f 1915/2/3 1910/2/3 1889/2/3
f 1916/2/3 1911/2/3 1915/2/3
f 1917/2/3 1911/2/3 1916/2/3
f 1918/2/3 1911/2/3 1917/2/3
f 1919/2/3 1911/2/3 1918/2/3
f 1920/2/3 1911/2/3 1919/2/3
f 1921/2/3 1911/2/3 1920/2/3
f 1922/2/3 1911/2/3 1921/2/3
f 1923/2/3 1911/2/3 1922/2/3
f 1924/2/3 1911/2/3 1923/2/3
f 1925/2/3 1911/2/3 1924/2/3
f 1926/4/3 1912/4/3 1911/4/3
f 1926/2/3 1911/2/3 1925/2/3
f 1927/4/3 1912/4/3 1926/4/3
f 1932/5/3 1929/5/3 1928/5/3
f 1933/5/3 1929/5/3 1932/5/3
f 1934/5/3 1931/5/3 1930/5/3
f 1935/5/3 1931/5/3 1934/5/3
f 1940/5/3 1937/5/3 1936/5/3
f 1941/5/3 1937/5/3 1940/5/3
f 1942/5/3 1939/5/3 1938/5/3
f 1943/5/3 1939/5/3 1942/5/3
f 1946/1/3 1945/1/3 1944/1/3
f 1947/1/3 1945/1/3 1946/1/3
f 1950/1/3 1949/1/3 1948/1/3
f 1951/1/3 1949/1/3 1950/1/3
f 1955/6/3 1953/6/3 1952/6/3
f 1956/6/3 1953/6/3 1955/6/3
f 1957/6/3 1953/6/3 1956/6/3
f 1958/6/3 1953/6/3 1957/6/3
f 1959/6/3 1955/6/3 1952/6/3
f 1960/5/3 1957/5/3 1956/5/3
f 1961/5/3 1957/5/3 1960/5/3
f 1962/6/3 1953/6/3 1958/6/3
f 1963/5/3 1961/5/3 1960/5/3
f 1963/5/3 1962/5/3 1961/5/3
f 1963/6/3 1959/6/3 1952/6/3
f 1963/5/3 1960/5/3 1959/5/3
f 1964/5/3 1962/5/3 1963/5/3
f 1965/5/3 1962/5/3 1964/5/3
f 1966/6/3 1953/6/3 1962/6/3
f 1966/5/3 1962/5/3 1965/5/3
f 1967/6/3 1963/6/3 1952/6/3
f 1968/5/3 1965/5/3 1964/5/3
f 1969/5/3 1965/5/3 1968/5/3
f 1970/6/3 1953/6/3 1966/6/3
f 1971/6/3 1967/6/3 1952/6/3
f 1971/6/3 1970/6/3 1969/6/3
f 1971/6/3 1969/6/3 1968/6/3
f 1971/6/3 1968/6/3 1967/6/3
f 1972/1/3 1954/1/3 1953/1/3
f 1972/6/3 1970/6/3 1971/6/3
f 1972/6/3 1953/6/3 1970/6/3
f 1973/1/3 1954/1/3 1972/1/3
f 1979/6/3 1975/6/3 1974/6/3
f 1980/6/3 1975/6/3 1979/6/3
f 1981/6/3 1977/6/3 1976/6/3
f 1982/6/3 1980/6/3 1979/6/3
f 1982/6/3 1981/6/3 1980/6/3
f 1982/6/3 1979/6/3 1978/6/3
f 1983/6/3 1977/6/3 1981/6/3
f 1983/6/3 1981/6/3 1982/6/3
f 1985/6/3 1977/6/3 1983/6/3
f 1986/6/3 1985/6/3 1984/6/3
f 1987/6/3 1985/6/3 1986/6/3
f 1988/6/3 1985/6/3 1987/6/3
f 1989/6/3 1977/6/3 1985/6/3
f 1989/6/3 1985/6/3 1988/6/3
f 1990/6/3 1988/6/3 1987/6/3
f 1991/6/3 1988/6/3 1990/6/3
f 1992/6/3 1977/6/3 1989/6/3
f 1993/6/3 1977/6/3 1992/6/3
f 2000/5/3 1995/5/3 1994/5/3
f 2001/5/3 1995/5/3 2000/5/3
f 2002/5/3 1997/5/3 1996/5/3
f 2003/5/3 1997/5/3 2002/5/3
f 2004/1/3 1999/1/3 1998/1/3
f 2005/1/3 1999/1/3 2004/1/3
f 2009/6/3 2007/6/3 2006/6/3
f 2010/6/3 2007/6/3 2009/6/3
f 2011/6/3 2007/6/3 2010/6/3
f 2012/6/3 2007/6/3 2011/6/3
f 2013/6/3 2009/6/3 2006/6/3
f 2014/5/3 2011/5/3 2010/5/3
f 2015/5/3 2011/5/3 2014/5/3
f 2016/6/3 2007/6/3 2012/6/3
f 2017/5/3 2015/5/3 2014/5/3
f 2017/5/3 2016/5/3 2015/5/3
f 2017/6/3 2013/6/3 2006/6/3
f 2017/5/3 2014/5/3 2013/5/3
f 2018/5/3 2016/5/3 2017/5/3
f 2019/5/3 2016/5/3 2018/5/3
f 2020/6/3 2007/6/3 2016/6/3
f 2020/5/3 2016/5/3 2019/5/3
f 2021/6/3 2017/6/3 2006/6/3
f 2022/5/3 2019/5/3 2018/5/3
f 2023/5/3 2019/5/3 2022/5/3
f 2024/6/3 2007/6/3 2020/6/3
f 2025/6/3 2021/6/3 2006/6/3
f 2025/6/3 2024/6/3 2023/6/3
f 2025/6/3 2023/6/3 2022/6/3
f 2025/6/3 2022/6/3 2021/6/3
f 2026/1/3 2008/1/3 2007/1/3
f 2026/6/3 2024/6/3 2025/6/3
f 2026/6/3 2007/6/3 2024/6/3
f 2027/1/3 2008/1/3 2026/1/3
f 2030/1/3 2029/1/3 2028/1/3
f 2031/1/3 2029/1/3 2030/1/3
f 2034/1/3 2033/1/3 2032/1/3
f 2035/1/3 2033/1/3 2034/1/3
f 2038/1/3 2037/1/3 2036/1/3
f 2039/1/3 2037/1/3 2038/1/3
f 2044/6/3 2041/6/3 2040/6/3
f 2045/6/3 2041/6/3 2044/6/3
f 2046/6/3 2043/6/3 2042/6/3
f 2047/6/3 2043/6/3 2046/6/3
f 2050/6/3 2049/6/3 2048/6/3
f 2051/6/3 2049/6/3 2050/6/3
f 2054/1/3 2053/1/3 2052/1/3
f 2055/1/3 2053/1/3 2054/1/3
f 2062/5/3 2057/5/3 2056/5/3
f 2063/5/3 2057/5/3 2062/5/3
f 2064/5/3 2059/5/3 2058/5/3
f 2065/5/3 2059/5/3 2064/5/3
f 2066/1/3 2061/1/3 2060/1/3
f 2067/1/3 2061/1/3 2066/1/3
f 2072/6/3 2069/6/3 2068/6/3
f 2073/5/3 2071/5/3 2070/5/3
f 2074/5/3 2071/5/3 2073/5/3
f 2076/6/3 2072/6/3 2068/6/3
f 2076/5/3 2075/5/3 2074/5/3
f 2076/5/3 2074/5/3 2073/5/3
f 2076/5/3 2073/5/3 2072/5/3
f 2077/5/3 2075/5/3 2076/5/3
f 2078/5/3 2075/5/3 2077/5/3
f 2079/5/3 2075/5/3 2078/5/3
f 2080/6/3 2076/6/3 2068/6/3
f 2081/6/3 2076/6/3 2080/6/3
f 2082/5/3 2078/5/3 2077/5/3
f 2083/5/3 2078/5/3 2082/5/3
f 2090/5/3 2087/5/3 2086/5/3
f 2091/5/3 2087/5/3 2090/5/3
f 2092/5/3 2089/5/3 2088/5/3
f 2093/5/3 2089/5/3 2092/5/3
f 2094/1/3 2085/1/3 2084/1/3
f 2095/1/3 2085/1/3 2094/1/3
f 2100/6/3 2097/6/3 2096/6/3
f 2101/6/3 2097/6/3 2100/6/3
f 2102/6/3 2099/6/3 2098/6/3
f 2103/6/3 2099/6/3 2102/6/3
f 2106/6/3 2105/6/3 2104/6/3
f 2107/6/3 2105/6/3 2106/6/3
f 2110/6/3 2109/6/3 2108/6/3
f 2111/6/3 2109/6/3 2110/6/3
f 2116/6/3 2113/6/3 2112/6/3
f 2117/6/3 2113/6/3 2116/6/3
f 2118/6/3 2115/6/3 2114/6/3
f 2119/6/3 2115/6/3 2118/6/3
f 2124/6/3 2121/6/3 2120/6/3
f 2125/5/3 2123/5/3 2122/5/3
f 2126/5/3 2123/5/3 2125/5/3
f 2128/6/3 2124/6/3 2120/6/3
f 2128/5/3 2127/5/3 2126/5/3
f 2128/5/3 2126/5/3 2125/5/3
f 2128/5/3 2125/5/3 2124/5/3
f 2129/5/3 2127/5/3 2128/5/3
f 2130/5/3 2127/5/3 2129/5/3
f 2131/5/3 2127/5/3 2130/5/3
f 2132/6/3 2128/6/3 2120/6/3
f 2133/6/3 2128/6/3 2132/6/3
f 2134/5/3 2130/5/3 2129/5/3
f 2135/5/3 2130/5/3 2134/5/3
f 2140/6/3 2137/6/3 2136/6/3
f 2141/5/3 2139/5/3 2138/5/3
f 2142/5/3 2139/5/3 2141/5/3
f 2144/6/3 2140/6/3 2136/6/3
f 2144/5/3 2143/5/3 2142/5/3
f 2144/5/3 2142/5/3 2141/5/3
f 2144/5/3 2141/5/3 2140/5/3
f 2145/5/3 2143/5/3 2144/5/3
f 2146/5/3 2143/5/3 2145/5/3
f 2147/5/3 2143/5/3 2146/5/3
f 2148/6/3 2144/6/3 2136/6/3
f 2149/6/3 2144/6/3 2148/6/3
f 2150/5/3 2146/5/3 2145/5/3
f 2151/5/3 2146/5/3 2150/5/3
f 2152/6/4 2153/6/4 2157/6/4
f 2157/6/4 2153/6/4 2158/6/4
f 2154/6/4 2155/6/4 2159/6/4
f 2157/6/4 2158/6/4 2160/6/4
f 2158/6/4 2159/6/4 2160/6/4
f 2156/6/4 2157/6/4 2160/6/4
f 2160/6/4 2159/6/4 2161/6/4
f 2159/6/4 2155/6/4 2162/6/4
f 2161/6/4 2159/6/4 2162/6/4
f 2162/6/4 2155/6/4 2163/6/4
f 2156/6/4 2160/6/4 2164/6/4
f 2161/5/4 2162/5/4 2165/5/4
f 2165/5/4 2162/5/4 2166/5/4
f 2156/6/4 2164/6/4 2168/6/4
f 2166/5/4 2167/5/4 2168/5/4
f 2165/5/4 2166/5/4 2168/5/4
f 2164/5/4 2165/5/4 2168/5/4
f 2168/5/4 2167/5/4 2169/5/4
f 2169/5/4 2167/5/4 2170/5/4
f 2170/5/4 2167/5/4 2171/5/4
f 2156/6/4 2168/6/4 2172/6/4
f 2169/5/4 2170/5/4 2173/5/4
f 2173/5/4 2170/5/4 2174/5/4
f 2156/6/4 2172/6/4 2176/6/4
f 2174/6/4 2175/6/4 2176/6/4
f 2173/6/4 2174/6/4 2176/6/4
f 2172/6/4 2173/6/4 2176/6/4
f 2176/6/4 2175/6/4 2177/6/4
f 2177/6/4 2175/6/4 2178/6/4
f 2178/6/4 2175/6/4 2179/6/4
f 2177/6/4 2178/6/4 2180/6/4
f 2180/6/4 2178/6/4 2181/6/4
f 2179/6/4 2175/6/4 2182/6/4
f 2182/6/4 2175/6/4 2183/6/4
f 2184/6/4 2185/6/4 2188/6/4
f 2186/5/4 2187/5/4 2189/5/4
f 2189/5/4 2187/5/4 2190/5/4
f 2184/6/4 2188/6/4 2192/6/4
f 2190/5/4 2191/5/4 2192/5/4
f 2189/5/4 2190/5/4 2192/5/4
f 2188/5/4 2189/5/4 2192/5/4
f 2192/5/4 2191/5/4 2193/5/4
f 2193/5/4 2191/5/4 2194/5/4
f 2194/5/4 2191/5/4 2195/5/4
f 2184/6/4 2192/6/4 2196/6/4
f 2196/6/4 2192/6/4 2197/6/4
f 2193/5/4 2194/5/4 2198/5/4
f 2198/5/4 2194/5/4 2199/5/4
f 2200/6/4 2201/6/4 2202/6/4
f 2202/6/4 2201/6/4 2203/6/4
f 2204/6/4 2205/6/4 2208/6/4
f 2208/6/4 2205/6/4 2209/6/4
f 2206/6/4 2207/6/4 2210/6/4
f 2210/6/4 2207/6/4 2211/6/4
f 2212/5/4 2213/5/4 2216/5/4
f 2216/5/4 2213/5/4 2217/5/4
f 2214/5/4 2215/5/4 2218/5/4
f 2218/5/4 2215/5/4 2219/5/4
f 2220/5/4 2221/5/4 2224/5/4
f 2224/5/4 2221/5/4 2225/5/4
f 2222/5/4 2223/5/4 2226/5/4
f 2226/5/4 2223/5/4 2227/5/4
f 2230/5/4 2231/5/4 2234/5/4
f 2234/5/4 2231/5/4 2235/5/4
f 2232/5/4 2233/5/4 2236/5/4
f 2236/5/4 2233/5/4 2237/5/4
f 2228/1/4 2229/1/4 2238/1/4
f 2238/1/4 2229/1/4 2239/1/4
f 2240/4/4 2241/4/4 2242/4/4
f 2242/4/4 2241/4/4 2243/4/4
f 2244/4/4 2245/4/4 2246/4/4
f 2246/4/4 2245/4/4 2247/4/4
f 2249/1/4 2250/1/4 2251/1/4
f 2248/6/4 2249/6/4 2253/6/4
f 2253/6/4 2249/6/4 2254/6/4
f 2251/1/4 2252/1/4 2255/1/4
f 2255/1/4 2256/1/4 2257/1/4
f 2255/1/4 2257/1/4 2259/1/4
f 2257/1/4 2258/1/4 2259/1/4
f 2259/1/4 2258/1/4 2260/1/4
f 2254/6/4 2249/6/4 2262/6/4
f 2251/1/4 2255/1/4 2263/1/4
f 2255/1/4 2259/1/4 2263/1/4
f 2263/1/4 2259/1/4 2264/1/4
f 2249/1/4 2251/1/4 2265/1/4
f 2251/1/4 2263/1/4 2265/1/4
f 2265/1/4 2263/1/4 2266/1/4
f 2261/6/4 2262/6/4 2267/6/4
f 2262/6/4 2249/6/4 2268/6/4
f 2267/6/4 2262/6/4 2268/6/4
f 2249/1/4 2265/1/4 2268/1/4
f 2268/1/4 2265/1/4 2269/1/4
f 2270/1/4 2271/1/4 2272/1/4
f 2272/1/4 2271/1/4 2273/1/4
f 2274/6/4 2275/6/4 2278/6/4
f 2276/5/4 2277/5/4 2279/5/4
f 2279/5/4 2277/5/4 2280/5/4
f 2274/6/4 2278/6/4 2282/6/4
f 2280/5/4 2281/5/4 2282/5/4
f 2279/5/4 2280/5/4 2282/5/4
f 2278/5/4 2279/5/4 2282/5/4
f 2282/5/4 2281/5/4 2283/5/4
f 2283/5/4 2281/5/4 2284/5/4
f 2284/5/4 2281/5/4 2285/5/4
f 2274/6/4 2282/6/4 2286/6/4
f 2286/6/4 2282/6/4 2287/6/4
f 2283/5/4 2284/5/4 2288/5/4
f 2288/5/4 2284/5/4 2289/5/4
f 2290/1/4 2291/1/4 2292/1/4
f 2292/1/4 2291/1/4 2293/1/4
f 2294/6/4 2295/6/4 2296/6/4
f 2296/6/4 2295/6/4 2297/6/4
f 2298/1/4 2299/1/4 2301/1/4
f 2300/6/4 2301/6/4 2303/6/4
f 2302/6/4 2303/6/4 2304/6/4
f 2301/1/4 2299/1/4 2305/1/4
f 2304/6/4 2303/6/4 2305/6/4
f 2303/6/4 2301/6/4 2305/6/4
f 2305/1/4 2299/1/4 2306/1/4
f 2307/1/4 2308/1/4 2309/1/4
f 2309/1/4 2308/1/4 2310/1/4
f 2311/3/4 2312/3/4 2315/3/4
f 2315/3/4 2312/3/4 2316/3/4
f 2313/1/4 2314/1/4 2317/1/4
f 2317/1/4 2314/1/4 2318/1/4
f 2319/2/4 2320/2/4 2322/2/4
f 2322/2/4 2320/2/4 2323/2/4
f 2323/2/4 2320/2/4 2325/2/4
f 2320/4/4 2321/4/4 2326/4/4
f 2324/2/4 2325/2/4 2326/2/4
f 2325/2/4 2320/2/4 2326/2/4
f 2326/4/4 2321/4/4 2327/4/4
f 2324/2/4 2326/2/4 2328/2/4
f 2326/2/4 2327/2/4 2328/2/4
f 2328/2/4 2327/2/4 2329/2/4
f 2324/2/4 2328/2/4 2330/2/4
f 2330/2/4 2328/2/4 2331/2/4
f 2324/2/4 2330/2/4 2332/2/4
f 2332/2/4 2330/2/4 2333/2/4
f 2324/2/4 2332/2/4 2334/2/4
f 2334/2/4 2332/2/4 2335/2/4
f 2324/2/4 2334/2/4 2336/2/4
f 2336/2/4 2334/2/4 2337/2/4
f 2337/2/4 2334/2/4 2338/2/4
f 2338/2/4 2334/2/4 2339/2/4
f 2337/2/4 2338/2/4 2340/2/4
f 2340/2/4 2338/2/4 2341/2/4
f 2344/3/4 2345/3/4 2346/3/4
f 2346/3/4 2345/3/4 2347/3/4
f 2342/1/4 2343/1/4 2348/1/4
f 2348/1/4 2343/1/4 2349/1/4
f 2350/2/4 2351/2/4 2352/2/4
f 2352/2/4 2351/2/4 2353/2/4
f 2354/6/4 2355/6/4 2356/6/4
f 2356/6/4 2355/6/4 2357/6/4
f 2358/2/4 2359/2/4 2360/2/4
f 2360/2/4 2359/2/4 2361/2/4
f 2362/6/4 2363/6/4 2364/6/4
f 2364/6/4 2363/6/4 2365/6/4
f 2366/2/4 2367/2/4 2368/2/4
f 2368/2/4 2367/2/4 2369/2/4
f 2370/1/4 2371/1/4 2372/1/4
f 2372/1/4 2371/1/4 2373/1/4
f 2374/1/4 2375/1/4 2376/1/4
f 2376/1/4 2375/1/4 2377/1/4
f 2378/4/4 2379/4/4 2381/4/4
f 2380/2/4 2381/2/4 2382/2/4
f 2381/4/4 2379/4/4 2383/4/4
f 2382/2/4 2381/2/4 2383/2/4
f 2383/4/4 2379/4/4 2384/4/4
f 2385/1/4 2386/1/4 2387/1/4
f 2387/1/4 2386/1/4 2388/1/4
f 2389/2/4 2390/2/4 2391/2/4
f 2391/2/4 2390/2/4 2392/2/4
f 2393/6/4 2394/6/4 2396/6/4
f 2396/6/4 2394/6/4 2397/6/4
f 2397/6/4 2394/6/4 2398/6/4
f 2398/6/4 2394/6/4 2399/6/4
f 2393/6/4 2396/6/4 2400/6/4
f 2397/5/4 2398/5/4 2401/5/4
f 2401/5/4 2398/5/4 2402/5/4
f 2399/6/4 2394/6/4 2403/6/4
f 2401/5/4 2402/5/4 2404/5/4
f 2402/5/4 2403/5/4 2404/5/4
f 2393/6/4 2400/6/4 2404/6/4
f 2400/5/4 2401/5/4 2404/5/4
f 2404/5/4 2403/5/4 2405/5/4
f 2405/5/4 2403/5/4 2406/5/4
f 2403/6/4 2394/6/4 2407/6/4
f 2406/5/4 2403/5/4 2407/5/4
f 2393/6/4 2404/6/4 2408/6/4
f 2405/5/4 2406/5/4 2409/5/4
f 2409/5/4 2406/5/4 2410/5/4
f 2407/6/4 2394/6/4 2411/6/4
f 2393/6/4 2408/6/4 2412/6/4
f 2410/6/4 2411/6/4 2412/6/4
f 2409/6/4 2410/6/4 2412/6/4
f 2408/6/4 2409/6/4 2412/6/4
f 2394/1/4 2395/1/4 2413/1/4
f 2412/6/4 2411/6/4 2413/6/4
f 2411/6/4 2394/6/4 2413/6/4
f 2413/1/4 2395/1/4 2414/1/4
f 2415/6/4 2416/6/4 2419/6/4
f 2417/6/4 2418/6/4 2420/6/4
f 2415/6/4 2419/6/4 2421/6/4
f 2419/6/4 2420/6/4 2421/6/4
f 2420/6/4 2418/6/4 2422/6/4
f 2421/6/4 2420/6/4 2422/6/4
f 2422/6/4 2418/6/4 2424/6/4
f 2423/6/4 2424/6/4 2425/6/4
f 2424/6/4 2418/6/4 2426/6/4
f 2425/6/4 2424/6/4 2426/6/4
f 2423/6/4 2425/6/4 2427/6/4
f 2427/6/4 2425/6/4 2428/6/4
f 2426/6/4 2418/6/4 2429/6/4
f 2429/6/4 2418/6/4 2430/6/4
f 2431/2/4 2432/2/4 2433/2/4
f 2433/2/4 2432/2/4 2434/2/4
f 2435/6/4 2436/6/4 2437/6/4
f 2437/6/4 2436/6/4 2438/6/4
f 2439/2/4 2440/2/4 2441/2/4
f 2441/2/4 2440/2/4 2442/2/4
f 2442/2/4 2440/2/4 2443/2/4
f 2443/2/4 2440/2/4 2444/2/4
f 2444/2/4 2440/2/4 2445/2/4
f 2445/2/4 2440/2/4 2446/2/4
f 2446/2/4 2440/2/4 2449/2/4
f 2449/2/4 2440/2/4 2450/2/4
f 2447/6/4 2448/6/4 2451/6/4
f 2451/6/4 2448/6/4 2452/6/4
f 2453/2/4 2454/2/4 2455/2/4
f 2455/2/4 2454/2/4 2456/2/4
f 2457/2/4 2458/2/4 2459/2/4
f 2459/2/4 2458/2/4 2460/2/4
f 2461/4/4 2462/4/4 2463/4/4
f 2463/4/4 2462/4/4 2464/4/4
f 2465/2/4 2466/2/4 2467/2/4
f 2467/2/4 2466/2/4 2468/2/4
f 2469/2/4 2470/2/4 2471/2/4
f 2471/2/4 2470/2/4 2472/2/4
f 2474/6/4 2475/6/4 2477/6/4
f 2477/6/4 2475/6/4 2478/6/4
f 2474/6/4 2477/6/4 2479/6/4
f 2478/6/4 2475/6/4 2480/6/4
f 2475/1/4 2476/1/4 2481/1/4
f 2473/4/4 2474/4/4 2483/4/4
f 2479/6/4 2480/6/4 2484/6/4
f 2483/4/4 2474/4/4 2484/4/4
f 2474/6/4 2479/6/4 2484/6/4
f 2481/1/4 2482/1/4 2485/1/4
f 2484/6/4 2480/6/4 2485/6/4
f 2475/1/4 2481/1/4 2485/1/4
f 2480/6/4 2475/6/4 2485/6/4
f 2485/1/4 2482/1/4 2486/1/4
f 2488/6/4 2489/6/4 2491/6/4
f 2491/6/4 2489/6/4 2492/6/4
f 2489/1/4 2490/1/4 2493/1/4
f 2493/1/4 2490/1/4 2494/1/4
f 2488/6/4 2491/6/4 2495/6/4
f 2492/6/4 2489/6/4 2496/6/4
f 2487/4/4 2488/4/4 2497/4/4
f 2495/6/4 2496/6/4 2498/6/4
f 2497/4/4 2488/4/4 2498/4/4
f 2488/6/4 2495/6/4 2498/6/4
f 2496/6/4 2489/6/4 2499/6/4
f 2498/6/4 2496/6/4 2499/6/4
f 2489/1/4 2493/1/4 2499/1/4
f 2499/1/4 2493/1/4 2500/1/4
f 2501/2/4 2502/2/4 2503/2/4
f 2503/2/4 2502/2/4 2504/2/4
f 2505/4/4 2506/4/4 2507/4/4
f 2507/4/4 2506/4/4 2508/4/4
f 2509/6/4 2510/6/4 2511/6/4
f 2511/6/4 2510/6/4 2512/6/4
f 2513/6/4 2514/6/4 2515/6/4
f 2515/6/4 2514/6/4 2516/6/4
f 2517/4/4 2518/4/4 2519/4/4
f 2519/4/4 2518/4/4 2520/4/4
f 2521/2/4 2522/2/4 2523/2/4
f 2523/2/4 2522/2/4 2524/2/4
f 2525/4/4 2526/4/4 2527/4/4
f 2527/4/4 2526/4/4 2528/4/4
f 2529/4/4 2530/4/4 2531/4/4
f 2531/4/4 2530/4/4 2532/4/4
f 2533/2/4 2534/2/4 2535/2/4
f 2533/2/4 2535/2/4 2538/2/4
f 2535/2/4 2536/2/4 2538/2/4
f 2538/2/4 2536/2/4 2539/2/4
f 2536/4/4 2537/4/4 2540/4/4
f 2539/2/4 2536/2/4 2540/2/4
f 2540/4/4 2537/4/4 2541/4/4
f 2539/2/4 2540/2/4 2544/2/4
f 2541/2/4 2542/2/4 2544/2/4
f 2540/2/4 2541/2/4 2544/2/4
f 2544/2/4 2542/2/4 2545/2/4
f 2542/4/4 2543/4/4 2546/4/4
f 2545/2/4 2542/2/4 2548/2/4
f 2548/2/4 2542/2/4 2549/2/4
f 2546/4/4 2547/4/4 2550/4/4
f 2549/2/4 2542/2/4 2552/2/4
f 2552/2/4 2542/2/4 2553/2/4
f 2550/4/4 2551/4/4 2554/4/4
f 2553/2/4 2542/2/4 2558/2/4
f 2558/2/4 2542/2/4 2559/2/4
f 2556/1/4 2557/1/4 2560/1/4
f 2559/2/4 2542/2/4 2562/2/4
f 2562/2/4 2542/2/4 2563/2/4
f 2563/2/4 2542/2/4 2564/2/4
f 2555/6/4 2556/6/4 2565/6/4
f 2565/6/4 2556/6/4 2566/6/4
f 2555/6/4 2565/6/4 2567/6/4
f 2566/6/4 2556/6/4 2568/6/4
f 2564/2/4 2542/2/4 2572/2/4
f 2560/1/4 2561/1/4 2573/1/4
f 2556/1/4 2560/1/4 2573/1/4
f 2573/1/4 2561/1/4 2574/1/4
f 2550/4/4 2554/4/4 2575/4/4
f 2554/4/4 2555/4/4 2575/4/4
f 2555/6/4 2567/6/4 2576/6/4
f 2575/4/4 2555/4/4 2576/4/4
f 2567/6/4 2568/6/4 2576/6/4
f 2556/1/4 2573/1/4 2577/1/4
f 2576/6/4 2568/6/4 2577/6/4
f 2568/6/4 2556/6/4 2577/6/4
f 2577/1/4 2573/1/4 2578/1/4
f 2546/4/4 2550/4/4 2579/4/4
f 2550/4/4 2575/4/4 2579/4/4
f 2579/4/4 2575/4/4 2580/4/4
f 2542/4/4 2546/4/4 2581/4/4
f 2546/4/4 2579/4/4 2581/4/4
f 2581/4/4 2579/4/4 2582/4/4
f 2571/2/4 2572/2/4 2583/2/4
f 2570/2/4 2571/2/4 2583/2/4
f 2569/2/4 2570/2/4 2583/2/4
f 2583/2/4 2572/2/4 2584/2/4
f 2584/2/4 2572/2/4 2585/2/4
f 2542/4/4 2581/4/4 2586/4/4
f 2585/2/4 2572/2/4 2586/2/4
f 2572/2/4 2542/2/4 2586/2/4
f 2586/4/4 2581/4/4 2587/4/4
f 2588/2/4 2589/2/4 2590/2/4
f 2590/2/4 2589/2/4 2591/2/4
f 2588/2/4 2590/2/4 2592/2/4
f 2592/2/4 2590/2/4 2593/2/4
f 2593/2/4 2590/2/4 2594/2/4
f 2594/2/4 2590/2/4 2595/2/4
f 2595/2/4 2590/2/4 2596/2/4
f 2596/2/4 2590/2/4 2597/2/4
f 2597/2/4 2590/2/4 2598/2/4
f 2590/4/4 2591/4/4 2599/4/4
f 2598/2/4 2590/2/4 2599/2/4
f 2599/4/4 2591/4/4 2600/4/4
f 2600/4/4 2591/4/4 2601/4/4
f 2602/2/4 2603/2/4 2604/2/4
f 2604/2/4 2603/2/4 2605/2/4
f 2606/6/4 2607/6/4 2611/6/4
f 2611/6/4 2607/6/4 2612/6/4
f 2608/6/4 2609/6/4 2613/6/4
f 2611/6/4 2612/6/4 2614/6/4
f 2612/6/4 2613/6/4 2614/6/4
f 2610/6/4 2611/6/4 2614/6/4
f 2614/6/4 2613/6/4 2615/6/4
f 2615/6/4 2613/6/4 2616/6/4
f 2613/6/4 2609/6/4 2617/6/4
f 2616/6/4 2613/6/4 2617/6/4
f 2615/6/4 2616/6/4 2618/6/4
f 2618/6/4 2616/6/4 2619/6/4
f 2617/6/4 2609/6/4 2620/6/4
f 2620/6/4 2609/6/4 2621/6/4
f 2622/6/4 2623/6/4 2626/6/4
f 2624/5/4 2625/5/4 2627/5/4
f 2627/5/4 2625/5/4 2628/5/4
f 2622/6/4 2626/6/4 2630/6/4
f 2628/5/4 2629/5/4 2630/5/4
f 2627/5/4 2628/5/4 2630/5/4
f 2626/5/4 2627/5/4 2630/5/4
f 2630/5/4 2629/5/4 2631/5/4
f 2631/5/4 2629/5/4 2632/5/4
f 2632/5/4 2629/5/4 2633/5/4
f 2622/6/4 2630/6/4 2634/6/4
f 2634/6/4 2630/6/4 2635/6/4
f 2631/5/4 2632/5/4 2636/5/4
f 2636/5/4 2632/5/4 2637/5/4
f 2638/5/4 2639/5/4 2642/5/4
f 2642/5/4 2639/5/4 2643/5/4
f 2640/5/4 2641/5/4 2644/5/4
f 2644/5/4 2641/5/4 2645/5/4
f 2646/5/4 2647/5/4 2650/5/4
f 2650/5/4 2647/5/4 2651/5/4
f 2648/5/4 2649/5/4 2652/5/4
f 2652/5/4 2649/5/4 2653/5/4
f 2654/6/4 2655/6/4 2658/6/4
f 2658/6/4 2655/6/4 2659/6/4
f 2656/6/4 2657/6/4 2660/6/4
f 2660/6/4 2657/6/4 2661/6/4
f 2662/6/4 2663/6/4 2664/6/4
f 2664/6/4 2663/6/4 2665/6/4
f 2666/6/4 2667/6/4 2670/6/4
f 2668/5/4 2669/5/4 2671/5/4
f 2671/5/4 2669/5/4 2672/5/4
f 2666/6/4 2670/6/4 2674/6/4
f 2672/5/4 2673/5/4 2674/5/4
f 2671/5/4 2672/5/4 2674/5/4
f 2670/5/4 2671/5/4 2674/5/4
f 2674/5/4 2673/5/4 2675/5/4
f 2675/5/4 2673/5/4 2676/5/4
f 2676/5/4 2673/5/4 2677/5/4
f 2666/6/4 2674/6/4 2678/6/4
f 2678/6/4 2674/6/4 2679/6/4
f 2675/5/4 2676/5/4 2680/5/4
f 2680/5/4 2676/5/4 2681/5/4
f 2683/1/4 2684/1/4 2685/1/4
f 2682/6/4 2683/6/4 2687/6/4
f 2687/6/4 2683/6/4 2688/6/4
f 2685/1/4 2686/1/4 2689/1/4
f 2689/1/4 2690/1/4 2691/1/4
f 2689/1/4 2691/1/4 2693/1/4
f 2691/1/4 2692/1/4 2693/1/4
f 2693/1/4 2692/1/4 2694/1/4
f 2688/6/4 2683/6/4 2696/6/4
f 2685/1/4 2689/1/4 2697/1/4
f 2689/1/4 2693/1/4 2697/1/4
f 2697/1/4 2693/1/4 2698/1/4
f 2683/1/4 2685/1/4 2699/1/4
f 2685/1/4 2697/1/4 2699/1/4
f 2699/1/4 2697/1/4 2700/1/4
f 2695/6/4 2696/6/4 2701/6/4
f 2696/6/4 2683/6/4 2702/6/4
f 2701/6/4 2696/6/4 2702/6/4
f 2683/1/4 2699/1/4 2702/1/4
f 2702/1/4 2699/1/4 2703/1/4
f 2704/5/4 2705/5/4 2710/5/4
f 2710/5/4 2705/5/4 2711/5/4
f 2706/5/4 2707/5/4 2712/5/4
f 2712/5/4 2707/5/4 2713/5/4
f 2708/1/4 2709/1/4 2714/1/4
f 2714/1/4 2709/1/4 2715/1/4
f 2716/6/4 2717/6/4 2720/6/4
f 2718/5/4 2719/5/4 2721/5/4
f 2721/5/4 2719/5/4 2722/5/4
f 2716/6/4 2720/6/4 2724/6/4
f 2722/5/4 2723/5/4 2724/5/4
f 2721/5/4 2722/5/4 2724/5/4
f 2720/5/4 2721/5/4 2724/5/4
f 2724/5/4 2723/5/4 2725/5/4
f 2725/5/4 2723/5/4 2726/5/4
f 2726/5/4 2723/5/4 2727/5/4
f 2716/6/4 2724/6/4 2728/6/4
f 2728/6/4 2724/6/4 2729/6/4
f 2725/5/4 2726/5/4 2730/5/4
f 2730/5/4 2726/5/4 2731/5/4
f 2732/6/4 2733/6/4 2736/6/4
f 2736/6/4 2733/6/4 2737/6/4
f 2734/6/4 2735/6/4 2738/6/4
f 2738/6/4 2735/6/4 2739/6/4
f 2740/6/4 2741/6/4 2742/6/4
f 2742/6/4 2741/6/4 2743/6/4
f 2744/1/4 2745/1/4 2746/1/4
f 2746/1/4 2745/1/4 2747/1/4
f 2748/6/4 2749/6/4 2750/6/4
f 2750/6/4 2749/6/4 2751/6/4
f 2752/6/4 2753/6/4 2756/6/4
f 2756/6/4 2753/6/4 2757/6/4
f 2754/6/4 2755/6/4 2758/6/4
f 2758/6/4 2755/6/4 2759/6/4
f 2760/1/4 2761/1/4 2762/1/4
f 2762/1/4 2761/1/4 2763/1/4
f 2764/5/4 2765/5/4 2770/5/4
f 2770/5/4 2765/5/4 2771/5/4
f 2766/5/4 2767/5/4 2772/5/4
f 2772/5/4 2767/5/4 2773/5/4
f 2768/1/4 2769/1/4 2774/1/4
f 2774/1/4 2769/1/4 2775/1/4
f 2776/2/4 2777/2/4 2781/2/4
f 2781/2/4 2777/2/4 2782/2/4
f 2778/6/4 2779/6/4 2783/6/4
f 2783/6/4 2779/6/4 2784/6/4
f 2784/6/4 2779/6/4 2785/6/4
f 2785/6/4 2779/6/4 2786/6/4
f 2782/2/4 2777/2/4 2787/2/4
f 2787/2/4 2777/2/4 2788/2/4
f 2778/6/4 2783/6/4 2789/6/4
f 2784/5/4 2785/5/4 2790/5/4
f 2790/5/4 2785/5/4 2791/5/4
f 2786/6/4 2779/6/4 2792/6/4
f 2788/2/4 2777/2/4 2793/2/4
f 2793/2/4 2777/2/4 2794/2/4
f 2790/5/4 2791/5/4 2795/5/4
f 2778/6/4 2789/6/4 2795/6/4
f 2791/5/4 2792/5/4 2795/5/4
f 2789/5/4 2790/5/4 2795/5/4
f 2795/5/4 2792/5/4 2796/5/4
f 2796/5/4 2792/5/4 2797/5/4
f 2792/6/4 2779/6/4 2798/6/4
f 2797/5/4 2792/5/4 2798/5/4
f 2794/2/4 2777/2/4 2799/2/4
f 2799/2/4 2777/2/4 2800/2/4
f 2778/6/4 2795/6/4 2801/6/4
f 2796/5/4 2797/5/4 2802/5/4
f 2802/5/4 2797/5/4 2803/5/4
f 2798/6/4 2779/6/4 2804/6/4
f 2800/2/4 2777/2/4 2805/2/4
f 2805/2/4 2777/2/4 2806/2/4
f 2777/4/4 2778/4/4 2807/4/4
f 2802/6/4 2803/6/4 2807/6/4
f 2803/6/4 2804/6/4 2807/6/4
f 2778/6/4 2801/6/4 2807/6/4
f 2801/6/4 2802/6/4 2807/6/4
f 2779/1/4 2780/1/4 2808/1/4
f 2807/6/4 2804/6/4 2808/6/4
f 2804/6/4 2779/6/4 2808/6/4
f 2808/1/4 2780/1/4 2809/1/4
f 2806/2/4 2777/2/4 2810/2/4
f 2810/2/4 2777/2/4 2811/2/4
f 2811/2/4 2777/2/4 2812/2/4
f 2812/2/4 2777/2/4 2813/2/4
f 2813/2/4 2777/2/4 2814/2/4
f 2777/4/4 2807/4/4 2815/4/4
f 2814/2/4 2777/2/4 2815/2/4
f 2815/4/4 2807/4/4 2816/4/4
f 2816/4/4 2807/4/4 2817/4/4
f 2820/5/4 2821/5/4 2824/5/4
f 2824/5/4 2821/5/4 2825/5/4
f 2822/5/4 2823/5/4 2826/5/4
f 2826/5/4 2823/5/4 2827/5/4
f 2818/1/4 2819/1/4 2828/1/4
f 2828/1/4 2819/1/4 2829/1/4
f 2830/1/4 2831/1/4 2832/1/4
f 2832/1/4 2831/1/4 2833/1/4
f 2834/1/4 2835/1/4 2836/1/4
f 2836/1/4 2835/1/4 2837/1/4
f 2838/1/4 2839/1/4 2840/1/4
f 2840/1/4 2839/1/4 2841/1/4
f 2842/1/4 2843/1/4 2844/1/4
f 2844/1/4 2843/1/4 2845/1/4
f 2847/6/4 2848/6/4 2850/6/4
f 2850/6/4 2848/6/4 2851/6/4
f 2851/6/4 2848/6/4 2852/6/4
f 2852/6/4 2848/6/4 2853/6/4
f 2847/6/4 2850/6/4 2854/6/4
f 2851/5/4 2852/5/4 2855/5/4
f 2855/5/4 2852/5/4 2856/5/4
f 2853/6/4 2848/6/4 2857/6/4
f 2855/5/4 2856/5/4 2858/5/4
f 2856/5/4 2857/5/4 2858/5/4
f 2847/6/4 2854/6/4 2858/6/4
f 2854/5/4 2855/5/4 2858/5/4
f 2858/5/4 2857/5/4 2859/5/4
f 2859/5/4 2857/5/4 2860/5/4
f 2857/6/4 2848/6/4 2861/6/4
f 2860/5/4 2857/5/4 2861/5/4
f 2847/6/4 2858/6/4 2862/6/4
f 2859/5/4 2860/5/4 2863/5/4
f 2863/5/4 2860/5/4 2864/5/4
f 2861/6/4 2848/6/4 2865/6/4
f 2846/4/4 2847/4/4 2866/4/4
f 2864/6/4 2865/6/4 2866/6/4
f 2847/6/4 2862/6/4 2866/6/4
f 2863/6/4 2864/6/4 2866/6/4
f 2862/6/4 2863/6/4 2866/6/4
f 2865/6/4 2848/6/4 2867/6/4
f 2866/6/4 2865/6/4 2867/6/4
f 2848/1/4 2849/1/4 2867/1/4
f 2867/1/4 2849/1/4 2868/1/4
f 2846/4/4 2866/4/4 2869/4/4
f 2869/4/4 2866/4/4 2870/4/4
f 2869/2/4 2870/2/4 2872/2/4
f 2870/2/4 2871/2/4 2872/2/4
f 2872/2/4 2873/2/4 2874/2/4
f 2874/2/4 2875/2/4 2876/2/4
f 2876/2/4 2877/2/4 2878/2/4
f 2878/2/4 2879/2/4 2880/2/4
f 2880/2/4 2881/2/4 2882/2/4
f 2882/2/4 2883/2/4 2884/2/4
f 2884/2/4 2885/2/4 2886/2/4
f 2886/2/4 2887/2/4 2888/2/4
f 2888/4/4 2889/4/4 2890/4/4
f 2890/6/4 2891/6/4 2893/6/4
f 2893/6/4 2891/6/4 2894/6/4
f 2894/6/4 2891/6/4 2895/6/4
f 2895/6/4 2891/6/4 2896/6/4
f 2890/6/4 2893/6/4 2897/6/4
f 2894/5/4 2895/5/4 2898/5/4
f 2898/5/4 2895/5/4 2899/5/4
f 2896/6/4 2891/6/4 2900/6/4
f 2898/5/4 2899/5/4 2901/5/4
f 2899/5/4 2900/5/4 2901/5/4
f 2890/6/4 2897/6/4 2901/6/4
f 2897/5/4 2898/5/4 2901/5/4
f 2901/5/4 2900/5/4 2902/5/4
f 2902/5/4 2900/5/4 2903/5/4
f 2900/6/4 2891/6/4 2904/6/4
f 2903/5/4 2900/5/4 2904/5/4
f 2890/6/4 2901/6/4 2905/6/4
f 2902/5/4 2903/5/4 2906/5/4
f 2906/5/4 2903/5/4 2907/5/4
f 2904/6/4 2891/6/4 2908/6/4
f 2882/2/4 2884/2/4 2909/2/4
f 2869/2/4 2872/2/4 2909/2/4
f 2872/2/4 2874/2/4 2909/2/4
f 2874/2/4 2876/2/4 2909/2/4
f 2876/2/4 2878/2/4 2909/2/4
f 2878/2/4 2880/2/4 2909/2/4
f 2880/2/4 2882/2/4 2909/2/4
f 2884/2/4 2886/2/4 2909/2/4
f 2886/2/4 2888/2/4 2909/2/4
f 2888/4/4 2890/4/4 2910/4/4
f 2909/2/4 2888/2/4 2910/2/4
f 2907/6/4 2908/6/4 2911/6/4
f 2910/4/4 2890/4/4 2911/4/4
f 2905/6/4 2906/6/4 2911/6/4
f 2906/6/4 2907/6/4 2911/6/4
f 2890/6/4 2905/6/4 2911/6/4
f 2908/6/4 2891/6/4 2912/6/4
f 2911/6/4 2908/6/4 2912/6/4
f 2891/1/4 2892/1/4 2912/1/4
f 2912/1/4 2892/1/4 2913/1/4
f 2916/2/5 2915/2/5 2914/2/5
f 2917/2/5 2915/2/5 2916/2/5
f 2918/4/5 2917/4/5 2916/4/5
f 2918/2/5 2915/2/5 2917/2/5
f 2919/2/5 2915/2/5 2918/2/5
f 2920/4/5 2918/4/5 2916/4/5
f 2920/4/5 2919/4/5 2918/4/5
f 2921/4/5 2919/4/5 2920/4/5
f 2922/4/5 2919/4/5 2921/4/5
f 2923/2/5 2915/2/5 2919/2/5
f 2923/4/5 2919/4/5 2922/4/5
f 2924/3/5 2921/3/5 2920/3/5
f 2925/4/5 2922/4/5 2921/4/5
f 2925/3/5 2921/3/5 2924/3/5
f 2926/4/5 2920/4/5 2916/4/5
f 2927/4/5 2920/4/5 2926/4/5
f 2928/3/5 2924/3/5 2920/3/5
f 2928/4/5 2920/4/5 2927/4/5
f 2929/4/5 2925/4/5 2924/4/5
f 2929/3/5 2924/3/5 2928/3/5
f 2930/3/5 2927/3/5 2926/3/5
f 2930/4/5 2928/4/5 2927/4/5
f 2930/4/5 2929/4/5 2928/4/5
f 2931/4/5 2929/4/5 2930/4/5
f 2932/4/5 2926/4/5 2916/4/5
f 2932/3/5 2930/3/5 2926/3/5
f 2932/3/5 2931/3/5 2930/3/5
f 2933/4/5 2929/4/5 2931/4/5
f 2933/3/5 2931/3/5 2932/3/5
f 2934/4/5 2925/4/5 2929/4/5
f 2934/4/5 2929/4/5 2933/4/5
f 2934/4/5 2922/4/5 2925/4/5
f 2935/2/5 2923/2/5 2922/2/5
f 2935/4/5 2922/4/5 2934/4/5
f 2936/4/5 2933/4/5 2932/4/5
f 2936/4/5 2932/4/5 2916/4/5
f 2936/4/5 2934/4/5 2933/4/5
f 2937/2/5 2935/2/5 2934/2/5
f 2937/4/5 2934/4/5 2936/4/5
f 2938/2/5 2923/2/5 2935/2/5
f 2938/2/5 2935/2/5 2937/2/5
f 2938/2/5 2915/2/5 2923/2/5
f 2943/5/5 2940/5/5 2939/5/5
f 2944/5/5 2940/5/5 2943/5/5
f 2945/5/5 2942/5/5 2941/5/5
f 2946/5/5 2942/5/5 2945/5/5
f 2955/5/5 2948/5/5 2947/5/5
f 2956/5/5 2948/5/5 2955/5/5
f 2957/5/5 2950/5/5 2949/5/5
f 2958/5/5 2950/5/5 2957/5/5
f 2959/5/5 2952/5/5 2951/5/5
f 2960/5/5 2952/5/5 2959/5/5
f 2961/5/5 2954/5/5 2953/5/5
f 2962/5/5 2954/5/5 2961/5/5
f 2965/5/5 2964/5/5 2963/5/5
f 2966/5/5 2964/5/5 2965/5/5
f 2969/5/5 2968/5/5 2967/5/5
f 2970/5/5 2968/5/5 2969/5/5
f 2975/5/5 2972/5/5 2971/5/5
f 2976/5/5 2972/5/5 2975/5/5
f 2977/5/5 2974/5/5 2973/5/5
f 2978/5/5 2974/5/5 2977/5/5
f 2981/6/5 2980/6/5 2979/6/5
f 2982/6/5 2980/6/5 2981/6/5
f 2985/6/5 2984/6/5 2983/6/5
f 2986/6/5 2984/6/5 2985/6/5
f 2991/2/5 2988/2/5 2987/2/5
f 2992/2/5 2988/2/5 2991/2/5
f 2993/6/5 2990/6/5 2989/6/5
f 2994/6/5 2990/6/5 2993/6/5
f 2995/6/5 2990/6/5 2994/6/5
f 2996/6/5 2990/6/5 2995/6/5
f 2998/6/5 2995/6/5 2994/6/5
f 2999/6/5 2995/6/5 2998/6/5
f 3005/6/5 2998/6/5 2997/6/5
f 3005/6/5 2999/6/5 2998/6/5
f 3005/6/5 3000/6/5 2999/6/5
f 3006/6/5 3000/6/5 3005/6/5
f 3007/6/5 3002/6/5 3001/6/5
f 3008/6/5 3004/6/5 3003/6/5
f 3010/6/5 3007/6/5 3001/6/5
f 3010/6/5 3008/6/5 3007/6/5
f 3011/6/5 3010/6/5 3009/6/5
f 3012/6/5 3008/6/5 3010/6/5
f 3012/6/5 3010/6/5 3011/6/5
f 3014/6/5 3008/6/5 3012/6/5
f 3015/6/5 3014/6/5 3013/6/5
f 3016/6/5 3008/6/5 3014/6/5
f 3016/6/5 3014/6/5 3015/6/5
f 3017/6/5 3008/6/5 3016/6/5
f 3018/6/5 3004/6/5 3008/6/5
f 3018/6/5 3008/6/5 3017/6/5
f 3019/6/5 3017/6/5 3016/6/5
f 3020/6/5 3017/6/5 3019/6/5
f 3021/6/5 3004/6/5 3018/6/5
f 3022/6/5 3004/6/5 3021/6/5
f 3027/6/5 3024/6/5 3023/6/5
f 3028/6/5 3024/6/5 3027/6/5
f 3029/6/5 3026/6/5 3025/6/5
f 3030/6/5 3026/6/5 3029/6/5
f 3033/6/5 3032/6/5 3031/6/5
f 3035/6/5 3033/6/5 3031/6/5
f 3035/6/5 3034/6/5 3033/6/5
f 3036/6/5 3034/6/5 3035/6/5
f 3041/5/5 3038/5/5 3037/5/5
f 3042/5/5 3038/5/5 3041/5/5
f 3043/5/5 3040/5/5 3039/5/5
f 3044/5/5 3040/5/5 3043/5/5
f 3049/5/5 3046/5/5 3045/5/5
f 3050/5/5 3046/5/5 3049/5/5
f 3051/5/5 3048/5/5 3047/5/5
f 3052/5/5 3048/5/5 3051/5/5
f 3055/6/5 3054/6/5 3053/6/5
f 3056/6/5 3054/6/5 3055/6/5
f 3059/6/5 3058/6/5 3057/6/5
f 3060/6/5 3058/6/5 3059/6/5
f 3065/6/5 3062/6/5 3061/6/5
f 3066/6/5 3064/6/5 3063/6/5
f 3067/6/5 3065/6/5 3061/6/5
f 3067/6/5 3066/6/5 3065/6/5
f 3068/6/5 3064/6/5 3066/6/5
f 3068/6/5 3066/6/5 3067/6/5
f 3071/6/5 3070/6/5 3069/6/5
f 3072/6/5 3070/6/5 3071/6/5
f 3073/6/5 3071/6/5 3069/6/5
f 3074/6/5 3071/6/5 3073/6/5
f 3075/6/5 3070/6/5 3072/6/5
f 3076/6/5 3070/6/5 3075/6/5
f 3081/5/5 3078/5/5 3077/5/5
f 3082/5/5 3078/5/5 3081/5/5
f 3083/5/5 3080/5/5 3079/5/5
f 3084/5/5 3080/5/5 3083/5/5
f 3087/5/5 3086/5/5 3085/5/5
f 3088/5/5 3086/5/5 3087/5/5
f 3091/5/5 3090/5/5 3089/5/5
f 3092/5/5 3090/5/5 3091/5/5
f 3097/5/5 3094/5/5 3093/5/5
f 3098/5/5 3094/5/5 3097/5/5
f 3099/5/5 3096/5/5 3095/5/5
f 3100/5/5 3096/5/5 3099/5/5
f 3103/5/5 3102/5/5 3101/5/5
f 3104/5/5 3102/5/5 3103/5/5
f 3111/5/5 3106/5/5 3105/5/5
f 3112/5/5 3106/5/5 3111/5/5
f 3113/5/5 3108/5/5 3107/5/5
f 3114/5/5 3108/5/5 3113/5/5
f 3115/5/5 3110/5/5 3109/5/5
f 3116/5/5 3110/5/5 3115/5/5
f 3123/5/5 3118/5/5 3117/5/5
f 3124/5/5 3118/5/5 3123/5/5
f 3125/5/5 3120/5/5 3119/5/5
f 3126/5/5 3120/5/5 3125/5/5
f 3127/5/5 3122/5/5 3121/5/5
f 3128/5/5 3122/5/5 3127/5/5
f 3131/5/5 3130/5/5 3129/5/5
f 3132/5/5 3130/5/5 3131/5/5
f 3137/5/5 3134/5/5 3133/5/5
f 3138/5/5 3134/5/5 3137/5/5
f 3139/5/5 3136/5/5 3135/5/5
f 3140/5/5 3136/5/5 3139/5/5
f 3143/6/5 3142/6/5 3141/6/5
f 3144/6/5 3142/6/5 3143/6/5
f 3147/6/5 3146/6/5 3145/6/5
f 3148/6/5 3146/6/5 3147/6/5
f 3151/6/5 3150/6/5 3149/6/5
f 3152/6/5 3150/6/5 3151/6/5
f 3159/6/5 3156/6/5 3155/6/5
f 3160/6/5 3158/6/5 3157/6/5
f 3161/6/5 3158/6/5 3160/6/5
f 3161/6/5 3160/6/5 3159/6/5
f 3163/2/5 3154/2/5 3153/2/5
f 3164/2/5 3154/2/5 3163/2/5
f 3165/6/5 3162/6/5 3161/6/5
f 3165/6/5 3161/6/5 3159/6/5
f 3166/6/5 3162/6/5 3165/6/5
f 3167/6/5 3165/6/5 3159/6/5
f 3169/6/5 3167/6/5 3159/6/5
f 3169/6/5 3168/6/5 3167/6/5
f 3170/6/5 3168/6/5 3169/6/5
f 3171/6/5 3159/6/5 3155/6/5
f 3171/6/5 3169/6/5 3159/6/5
f 3172/6/5 3169/6/5 3171/6/5
f 3173/2/5 3154/2/5 3164/2/5
f 3175/2/5 3173/2/5 3164/2/5
f 3175/2/5 3174/2/5 3173/2/5
f 3176/2/5 3174/2/5 3175/2/5
f 3177/2/5 3175/2/5 3164/2/5
f 3178/2/5 3175/2/5 3177/2/5
f 3183/6/5 3180/6/5 3179/6/5
f 3184/6/5 3182/6/5 3181/6/5
f 3186/6/5 3183/6/5 3179/6/5
f 3186/6/5 3184/6/5 3183/6/5
f 3187/6/5 3186/6/5 3185/6/5
f 3188/6/5 3184/6/5 3186/6/5
f 3188/6/5 3186/6/5 3187/6/5
f 3194/6/5 3184/6/5 3188/6/5
f 3195/6/5 3190/6/5 3189/6/5
f 3196/6/5 3192/6/5 3191/6/5
f 3197/6/5 3194/6/5 3193/6/5
f 3198/6/5 3184/6/5 3194/6/5
f 3198/6/5 3194/6/5 3197/6/5
f 3199/6/5 3196/6/5 3195/6/5
f 3199/6/5 3192/6/5 3196/6/5
f 3201/6/5 3184/6/5 3198/6/5
f 3202/6/5 3182/6/5 3184/6/5
f 3202/6/5 3184/6/5 3201/6/5
f 3203/6/5 3199/6/5 3195/6/5
f 3203/6/5 3200/6/5 3199/6/5
f 3204/6/5 3200/6/5 3203/6/5
f 3205/6/5 3201/6/5 3198/6/5
f 3206/6/5 3201/6/5 3205/6/5
f 3207/6/5 3182/6/5 3202/6/5
f 3208/6/5 3182/6/5 3207/6/5
f 3209/6/5 3203/6/5 3195/6/5
f 3211/6/5 3210/6/5 3209/6/5
f 3211/6/5 3209/6/5 3195/6/5
f 3212/6/5 3210/6/5 3211/6/5
f 3213/6/5 3195/6/5 3189/6/5
f 3213/6/5 3211/6/5 3195/6/5
f 3214/6/5 3211/6/5 3213/6/5
f 3215/6/5 3213/6/5 3189/6/5
f 3216/6/5 3213/6/5 3215/6/5
f 3217/6/5 3211/6/5 3214/6/5
f 3218/6/5 3211/6/5 3217/6/5
f 3221/2/5 3220/2/5 3219/2/5
f 3222/2/5 3220/2/5 3221/2/5
f 3229/5/5 3224/5/5 3223/5/5
f 3230/5/5 3224/5/5 3229/5/5
f 3231/5/5 3226/5/5 3225/5/5
f 3232/5/5 3226/5/5 3231/5/5
f 3235/5/5 3228/5/5 3227/5/5
f 3236/5/5 3228/5/5 3235/5/5
f 3237/5/5 3234/5/5 3233/5/5
f 3238/5/5 3234/5/5 3237/5/5
f 3243/5/5 3240/5/5 3239/5/5
f 3244/5/5 3240/5/5 3243/5/5
f 3245/5/5 3242/5/5 3241/5/5
f 3246/5/5 3242/5/5 3245/5/5
f 3249/6/5 3248/6/5 3247/6/5
f 3250/6/5 3248/6/5 3249/6/5
f 3256/6/5 3252/6/5 3251/6/5
f 3257/6/5 3252/6/5 3256/6/5
f 3258/6/5 3254/6/5 3253/6/5
f 3259/6/5 3254/6/5 3258/6/5
f 3261/6/5 3257/6/5 3256/6/5
f 3261/6/5 3260/6/5 3259/6/5
f 3261/6/5 3259/6/5 3258/6/5
f 3261/6/5 3258/6/5 3257/6/5
f 3261/6/5 3256/6/5 3255/6/5
f 3262/6/5 3260/6/5 3261/6/5
f 3263/6/5 3260/6/5 3262/6/5
f 3264/6/5 3260/6/5 3263/6/5
f 3266/6/5 3263/6/5 3262/6/5
f 3267/6/5 3263/6/5 3266/6/5
f 3269/6/5 3266/6/5 3265/6/5
f 3269/6/5 3268/6/5 3267/6/5
f 3269/6/5 3267/6/5 3266/6/5
f 3270/6/5 3268/6/5 3269/6/5
f 3277/6/5 3272/6/5 3271/6/5
f 3278/6/5 3272/6/5 3277/6/5
f 3279/6/5 3274/6/5 3273/6/5
f 3280/6/5 3274/6/5 3279/6/5
f 3281/6/5 3276/6/5 3275/6/5
f 3282/6/5 3276/6/5 3281/6/5
f 3287/6/5 3284/6/5 3283/6/5
f 3288/6/5 3284/6/5 3287/6/5
f 3289/6/5 3286/6/5 3285/6/5
f 3290/6/5 3286/6/5 3289/6/5
f 3295/6/5 3292/6/5 3291/6/5
f 3296/6/5 3292/6/5 3295/6/5
f 3297/6/5 3294/6/5 3293/6/5
f 3298/6/5 3294/6/5 3297/6/5
f 3303/6/5 3300/6/5 3299/6/5
f 3304/6/5 3300/6/5 3303/6/5
f 3307/6/5 3302/6/5 3301/6/5
f 3308/6/5 3302/6/5 3307/6/5
f 3309/6/5 3306/6/5 3305/6/5
f 3310/6/5 3306/6/5 3309/6/5
f 3313/6/5 3312/6/5 3311/6/5
f 3314/6/5 3312/6/5 3313/6/5
f 3315/6/5 3312/6/5 3314/6/5
f 3316/6/5 3312/6/5 3315/6/5
f 3317/6/5 3315/6/5 3314/6/5
f 3318/6/5 3315/6/5 3317/6/5
f 3321/4/6 3322/4/6 3323/4/6
f 3319/4/6 3320/4/6 3325/4/6
f 3323/4/6 3324/4/6 3327/4/6
f 3321/4/6 3323/4/6 3327/4/6
f 3327/4/6 3324/4/6 3330/4/6
f 3330/4/6 3324/4/6 3331/4/6
f 3325/4/6 3326/4/6 3332/4/6
f 3319/4/6 3325/4/6 3332/4/6
f 3332/4/6 3326/4/6 3333/4/6
f 3328/3/6 3329/3/6 3334/3/6
f 3334/3/6 3329/3/6 3335/3/6
f 3335/3/6 3329/3/6 3336/3/6
f 3336/3/6 3329/3/6 3337/3/6
f 3333/4/6 3326/4/6 3340/4/6
f 3335/3/6 3336/3/6 3341/3/6
f 3341/3/6 3336/3/6 3342/3/6
f 3327/4/6 3330/4/6 3343/4/6
f 3338/3/6 3339/3/6 3344/3/6
f 3341/4/6 3342/4/6 3345/4/6
f 3342/4/6 3343/4/6 3345/4/6
f 3340/4/6 3341/4/6 3345/4/6
f 3333/4/6 3340/4/6 3345/4/6
f 3338/3/6 3344/3/6 3346/3/6
f 3344/3/6 3345/3/6 3346/3/6
f 3345/4/6 3343/4/6 3347/4/6
f 3346/3/6 3345/3/6 3347/3/6
f 3338/3/6 3346/3/6 3348/3/6
f 3348/3/6 3346/3/6 3349/3/6
f 3347/4/6 3343/4/6 3350/4/6
f 3343/4/6 3330/4/6 3351/4/6
f 3350/4/6 3343/4/6 3351/4/6
f 3352/2/6 3353/2/6 3354/2/6
f 3354/2/6 3353/2/6 3355/2/6
f 3356/2/6 3357/2/6 3360/2/6
f 3360/2/6 3357/2/6 3361/2/6
f 3358/2/6 3359/2/6 3362/2/6
f 3362/2/6 3359/2/6 3363/2/6
f 3364/2/6 3365/2/6 3366/2/6
f 3366/2/6 3365/2/6 3367/2/6
f 3368/2/6 3369/2/6 3370/2/6
f 3370/2/6 3369/2/6 3371/2/6
f 3372/2/6 3373/2/6 3376/2/6
f 3376/2/6 3373/2/6 3377/2/6
f 3374/2/6 3375/2/6 3382/2/6
f 3382/2/6 3375/2/6 3383/2/6
f 3378/6/6 3379/6/6 3384/6/6
f 3384/6/6 3379/6/6 3385/6/6
f 3380/6/6 3381/6/6 3386/6/6
f 3386/6/6 3381/6/6 3387/6/6
f 3388/6/6 3389/6/6 3396/6/6
f 3396/6/6 3389/6/6 3397/6/6
f 3390/6/6 3391/6/6 3398/6/6
f 3398/6/6 3391/6/6 3399/6/6
f 3392/6/6 3393/6/6 3400/6/6
f 3400/6/6 3393/6/6 3401/6/6
f 3394/6/6 3395/6/6 3402/6/6
f 3402/6/6 3395/6/6 3403/6/6
f 3404/6/6 3405/6/6 3406/6/6
f 3406/6/6 3405/6/6 3407/6/6
f 3408/6/6 3409/6/6 3412/6/6
f 3412/6/6 3409/6/6 3413/6/6
f 3414/6/6 3415/6/6 3418/6/6
f 3418/6/6 3415/6/6 3419/6/6
f 3416/6/6 3417/6/6 3420/6/6
f 3420/6/6 3417/6/6 3421/6/6
f 3410/2/6 3411/2/6 3422/2/6
f 3422/2/6 3411/2/6 3423/2/6
f 3424/2/6 3425/2/6 3426/2/6
f 3426/2/6 3425/2/6 3427/2/6
f 3428/2/6 3429/2/6 3432/2/6
f 3432/2/6 3429/2/6 3433/2/6
f 3430/2/6 3431/2/6 3434/2/6
f 3434/2/6 3431/2/6 3435/2/6
f 3436/2/6 3437/2/6 3438/2/6
f 3438/2/6 3437/2/6 3439/2/6
f 3440/2/6 3441/2/6 3442/2/6
f 3442/2/6 3441/2/6 3443/2/6
f 3444/2/6 3445/2/6 3448/2/6
f 3448/2/6 3445/2/6 3449/2/6
f 3446/2/6 3447/2/6 3454/2/6
f 3454/2/6 3447/2/6 3455/2/6
f 3450/5/6 3451/5/6 3456/5/6
f 3456/5/6 3451/5/6 3457/5/6
f 3452/5/6 3453/5/6 3458/5/6
f 3458/5/6 3453/5/6 3459/5/6
f 3460/5/6 3461/5/6 3468/5/6
f 3468/5/6 3461/5/6 3469/5/6
f 3462/5/6 3463/5/6 3470/5/6
f 3470/5/6 3463/5/6 3471/5/6
f 3464/5/6 3465/5/6 3472/5/6
f 3472/5/6 3465/5/6 3473/5/6
f 3466/5/6 3467/5/6 3474/5/6
f 3474/5/6 3467/5/6 3475/5/6
f 3476/5/6 3477/5/6 3478/5/6
f 3478/5/6 3477/5/6 3479/5/6
f 3480/5/6 3481/5/6 3484/5/6
f 3484/5/6 3481/5/6 3485/5/6
f 3486/5/6 3487/5/6 3490/5/6
f 3490/5/6 3487/5/6 3491/5/6
f 3488/5/6 3489/5/6 3492/5/6
f 3492/5/6 3489/5/6 3493/5/6
f 3482/2/6 3483/2/6 3494/2/6
f 3494/2/6 3483/2/6 3495/2/6
f 3496/2/6 3497/2/6 3500/2/6
f 3500/2/6 3497/2/6 3501/2/6
f 3498/2/6 3499/2/6 3502/2/6
f 3502/2/6 3499/2/6 3503/2/6
f 3504/2/6 3505/2/6 3506/2/6
f 3504/2/6 3506/2/6 3508/2/6
f 3506/2/6 3507/2/6 3508/2/6
f 3508/2/6 3507/2/6 3509/2/6
f 3510/4/6 3511/4/6 3513/4/6
f 3514/2/6 3515/2/6 3516/2/6
f 3516/2/6 3515/2/6 3517/2/6
f 3512/4/6 3513/4/6 3520/4/6
f 3513/4/6 3511/4/6 3521/4/6
f 3520/4/6 3513/4/6 3521/4/6
f 3518/2/6 3519/2/6 3522/2/6
f 3522/2/6 3519/2/6 3523/2/6
f 3521/4/6 3511/4/6 3524/4/6
f 3524/4/6 3511/4/6 3525/4/6
f 3526/2/6 3527/2/6 3528/2/6
f 3528/2/6 3527/2/6 3529/2/6
f 3530/4/6 3531/4/6 3532/4/6
f 3532/4/6 3531/4/6 3533/4/6
f 3530/4/6 3532/4/6 3534/4/6
f 3534/4/6 3532/4/6 3535/4/6
f 3530/4/6 3534/4/6 3538/4/6
f 3536/3/6 3537/3/6 3539/3/6
f 3530/4/6 3538/4/6 3540/4/6
f 3538/3/6 3539/3/6 3540/3/6
f 3539/3/6 3537/3/6 3541/3/6
f 3540/3/6 3539/3/6 3541/3/6
f 3541/3/6 3537/3/6 3542/3/6
f 3542/3/6 3537/3/6 3543/3/6
f 3530/4/6 3540/4/6 3546/4/6
f 3544/3/6 3545/3/6 3547/3/6
f 3530/4/6 3546/4/6 3548/4/6
f 3546/3/6 3547/3/6 3548/3/6
f 3547/3/6 3545/3/6 3549/3/6
f 3548/3/6 3547/3/6 3549/3/6
f 3549/3/6 3545/3/6 3550/3/6
f 3550/3/6 3545/3/6 3551/3/6
f 3530/4/6 3548/4/6 3552/4/6
f 3554/2/6 3555/2/6 3556/2/6
f 3556/2/6 3555/2/6 3557/2/6
f 3530/4/6 3552/4/6 3558/4/6
f 3552/4/6 3553/4/6 3558/4/6
f 3558/4/6 3553/4/6 3559/4/6
f 3559/4/6 3553/4/6 3560/4/6
f 3560/4/6 3553/4/6 3561/4/6
f 3533/4/6 3531/4/6 3562/4/6
f 3562/4/6 3531/4/6 3563/4/6
f 3562/4/6 3563/4/6 3564/4/6
f 3564/4/6 3563/4/6 3565/4/6
f 3566/2/6 3567/2/6 3568/2/6
f 3568/2/6 3567/2/6 3569/2/6
f 3570/2/6 3571/2/6 3574/2/6
f 3574/2/6 3571/2/6 3575/2/6
f 3572/2/6 3573/2/6 3576/2/6
f 3576/2/6 3573/2/6 3577/2/6
f 3582/1/6 3583/1/6 3584/1/6
f 3584/1/6 3583/1/6 3585/1/6
f 3578/1/6 3579/1/6 3586/1/6
f 3586/1/6 3579/1/6 3587/1/6
f 3580/1/6 3581/1/6 3588/1/6
f 3588/1/6 3581/1/6 3589/1/6
f 3592/1/6 3593/1/6 3594/1/6
f 3594/1/6 3593/1/6 3595/1/6
f 3590/2/6 3591/2/6 3596/2/6
f 3596/2/6 3591/2/6 3597/2/6
f 3598/6/6 3599/6/6 3602/6/6
f 3602/6/6 3599/6/6 3603/6/6
f 3600/6/6 3601/6/6 3604/6/6
f 3604/6/6 3601/6/6 3605/6/6
f 3606/6/6 3607/6/6 3612/6/6
f 3612/6/6 3607/6/6 3613/6/6
f 3608/6/6 3609/6/6 3614/6/6
f 3614/6/6 3609/6/6 3615/6/6
f 3610/2/6 3611/2/6 3616/2/6
f 3616/2/6 3611/2/6 3617/2/6
f 3618/2/6 3619/2/6 3620/2/6
f 3620/2/6 3619/2/6 3621/2/6
f 3622/1/6 3623/1/6 3628/1/6
f 3628/1/6 3623/1/6 3629/1/6
f 3624/1/6 3625/1/6 3630/1/6
f 3630/1/6 3625/1/6 3631/1/6
f 3626/1/6 3627/1/6 3632/1/6
f 3632/1/6 3627/1/6 3633/1/6
f 3636/1/6 3637/1/6 3638/1/6
f 3638/1/6 3637/1/6 3639/1/6
f 3634/2/6 3635/2/6 3640/2/6
f 3640/2/6 3635/2/6 3641/2/6
f 3642/2/6 3643/2/6 3644/2/6
f 3644/2/6 3643/2/6 3645/2/6
f 3646/2/6 3647/2/6 3648/2/6
f 3648/2/6 3647/2/6 3649/2/6
f 3650/1/6 3651/1/6 3654/1/6
f 3654/1/6 3651/1/6 3655/1/6
f 3652/1/6 3653/1/6 3656/1/6
f 3656/1/6 3653/1/6 3657/1/6
f 3658/1/6 3659/1/6 3660/1/6
f 3660/1/6 3659/1/6 3661/1/6
f 3662/1/6 3663/1/6 3666/1/6
f 3666/1/6 3663/1/6 3667/1/6
f 3664/2/6 3665/2/6 3668/2/6
f 3668/2/6 3665/2/6 3669/2/6
f 3670/4/6 3671/4/6 3674/4/6
f 3672/3/6 3673/3/6 3675/3/6
f 3670/4/6 3674/4/6 3680/4/6
f 3674/3/6 3675/3/6 3680/3/6
f 3675/3/6 3673/3/6 3681/3/6
f 3680/3/6 3675/3/6 3681/3/6
f 3676/5/6 3677/5/6 3682/5/6
f 3682/5/6 3677/5/6 3683/5/6
f 3678/5/6 3679/5/6 3684/5/6
f 3684/5/6 3679/5/6 3685/5/6
f 3681/3/6 3673/3/6 3686/3/6
f 3686/3/6 3673/3/6 3687/3/6
f 3670/4/6 3680/4/6 3688/4/6
f 3688/4/6 3680/4/6 3689/4/6
f 3670/4/6 3688/4/6 3691/4/6
f 3691/4/6 3688/4/6 3692/4/6
f 3691/4/6 3692/4/6 3694/4/6
f 3692/4/6 3693/4/6 3694/4/6
f 3690/4/6 3691/4/6 3694/4/6
f 3690/4/6 3694/4/6 3696/4/6
f 3694/4/6 3695/4/6 3696/4/6
f 3696/4/6 3695/4/6 3697/4/6
f 3698/5/6 3699/5/6 3702/5/6
f 3702/5/6 3699/5/6 3703/5/6
f 3700/5/6 3701/5/6 3704/5/6
f 3704/5/6 3701/5/6 3705/5/6
f 3690/4/6 3696/4/6 3707/4/6
f 3706/2/6 3707/2/6 3708/2/6
f 3707/4/6 3696/4/6 3709/4/6
f 3708/2/6 3707/2/6 3709/2/6
f 3709/4/6 3696/4/6 3710/4/6
f 3710/4/6 3696/4/6 3713/4/6
f 3713/4/6 3696/4/6 3714/4/6
f 3697/4/6 3695/4/6 3715/4/6
f 3716/3/6 3717/3/6 3718/3/6
f 3714/4/6 3715/4/6 3719/4/6
f 3715/4/6 3695/4/6 3720/4/6
f 3719/4/6 3715/4/6 3720/4/6
f 3720/4/6 3695/4/6 3721/4/6
f 3711/1/6 3712/1/6 3722/1/6
f 3722/1/6 3712/1/6 3723/1/6
f 3716/3/6 3718/3/6 3726/3/6
f 3718/3/6 3719/3/6 3726/3/6
f 3719/4/6 3720/4/6 3727/4/6
f 3726/3/6 3719/3/6 3727/3/6
f 3727/4/6 3720/4/6 3728/4/6
f 3724/3/6 3725/3/6 3729/3/6
f 3716/3/6 3726/3/6 3732/3/6
f 3732/3/6 3726/3/6 3733/3/6
f 3730/1/6 3731/1/6 3734/1/6
f 3734/1/6 3731/1/6 3735/1/6
f 3727/4/6 3728/4/6 3736/4/6
f 3736/4/6 3728/4/6 3737/4/6
f 3737/4/6 3728/4/6 3738/4/6
f 3728/3/6 3729/3/6 3738/3/6
f 3729/3/6 3725/3/6 3739/3/6
f 3738/3/6 3729/3/6 3739/3/6
f 3739/3/6 3725/3/6 3740/3/6
f 3740/3/6 3725/3/6 3741/3/6
f 3737/4/6 3738/4/6 3742/4/6
f 3742/4/6 3738/4/6 3743/4/6
f 3744/2/6 3745/2/6 3746/2/6
f 3746/2/6 3745/2/6 3747/2/6
f 3748/6/6 3749/6/6 3752/6/6
f 3752/6/6 3749/6/6 3753/6/6
f 3750/6/6 3751/6/6 3754/6/6
f 3754/6/6 3751/6/6 3755/6/6
f 3756/6/6 3757/6/6 3758/6/6
f 3758/6/6 3757/6/6 3759/6/6
f 3760/6/6 3761/6/6 3762/6/6
f 3762/6/6 3761/6/6 3763/6/6
f 3764/2/6 3765/2/6 3766/2/6
f 3766/2/6 3765/2/6 3767/2/6
f 3768/6/6 3769/6/6 3772/6/6
f 3772/6/6 3769/6/6 3773/6/6
f 3770/6/6 3771/6/6 3774/6/6
f 3774/6/6 3771/6/6 3775/6/6
f 3776/6/6 3777/6/6 3778/6/6
f 3778/6/6 3777/6/6 3779/6/6
f 3780/6/6 3781/6/6 3786/6/6
f 3786/6/6 3781/6/6 3787/6/6
f 3782/6/6 3783/6/6 3788/6/6
f 3788/6/6 3783/6/6 3789/6/6
f 3784/6/6 3785/6/6 3790/6/6
f 3790/6/6 3785/6/6 3791/6/6
f 3792/6/6 3793/6/6 3798/6/6
f 3798/6/6 3793/6/6 3799/6/6
f 3794/6/6 3795/6/6 3800/6/6
f 3800/6/6 3795/6/6 3801/6/6
f 3796/6/6 3797/6/6 3802/6/6
f 3802/6/6 3797/6/6 3803/6/6
f 3804/6/6 3805/6/6 3806/6/6
f 3806/6/6 3805/6/6 3807/6/6
f 3808/6/6 3809/6/6 3812/6/6
f 3812/6/6 3809/6/6 3813/6/6
f 3810/6/6 3811/6/6 3814/6/6
f 3814/6/6 3811/6/6 3815/6/6
f 3816/1/6 3817/1/6 3818/1/6
f 3818/1/6 3817/1/6 3819/1/6
f 3820/2/6 3821/2/6 3824/2/6
f 3824/2/6 3821/2/6 3825/2/6
f 3822/1/6 3823/1/6 3826/1/6
f 3826/1/6 3823/1/6 3827/1/6
f 3828/1/6 3829/1/6 3830/1/6
f 3830/1/6 3829/1/6 3831/1/6
f 3832/5/6 3833/5/6 3836/5/6
f 3836/5/6 3833/5/6 3837/5/6
f 3834/5/6 3835/5/6 3838/5/6
f 3838/5/6 3835/5/6 3839/5/6
f 3840/5/6 3841/5/6 3842/5/6
f 3842/5/6 3841/5/6 3843/5/6
f 3844/5/6 3845/5/6 3846/5/6
f 3846/5/6 3845/5/6 3847/5/6
f 3848/1/6 3849/1/6 3850/1/6
f 3850/1/6 3849/1/6 3851/1/6
f 3852/2/6 3853/2/6 3856/2/6
f 3856/2/6 3853/2/6 3857/2/6
f 3854/1/6 3855/1/6 3858/1/6
f 3858/1/6 3855/1/6 3859/1/6
f 3860/1/6 3861/1/6 3862/1/6
f 3862/1/6 3861/1/6 3863/1/6
f 3864/1/6 3865/1/6 3866/1/6
f 3866/1/6 3865/1/6 3867/1/6
f 3868/5/6 3869/5/6 3872/5/6
f 3872/5/6 3869/5/6 3873/5/6
f 3870/5/6 3871/5/6 3874/5/6
f 3874/5/6 3871/5/6 3875/5/6
f 3876/5/6 3877/5/6 3878/5/6
f 3878/5/6 3877/5/6 3879/5/6
f 3880/5/6 3881/5/6 3886/5/6
f 3886/5/6 3881/5/6 3887/5/6
f 3882/5/6 3883/5/6 3888/5/6
f 3888/5/6 3883/5/6 3889/5/6
f 3884/5/6 3885/5/6 3890/5/6
f 3890/5/6 3885/5/6 3891/5/6
f 3892/5/6 3893/5/6 3898/5/6
f 3898/5/6 3893/5/6 3899/5/6
f 3894/5/6 3895/5/6 3900/5/6
f 3900/5/6 3895/5/6 3901/5/6
f 3896/5/6 3897/5/6 3902/5/6
f 3902/5/6 3897/5/6 3903/5/6
f 3904/5/6 3905/5/6 3906/5/6
f 3906/5/6 3905/5/6 3907/5/6
f 3908/5/6 3909/5/6 3912/5/6
f 3912/5/6 3909/5/6 3913/5/6
f 3910/5/6 3911/5/6 3914/5/6
f 3914/5/6 3911/5/6 3915/5/6
f 3916/1/6 3917/1/6 3920/1/6
f 3920/1/6 3917/1/6 3921/1/6
f 3922/1/6 3923/1/6 3924/1/6
f 3924/1/6 3923/1/6 3925/1/6
f 3918/2/6 3919/2/6 3926/2/6
f 3926/2/6 3919/2/6 3927/2/6
f 3928/1/6 3929/1/6 3930/1/6
f 3930/1/6 3929/1/6 3931/1/6
f 3932/1/6 3933/1/6 3934/1/6
f 3934/1/6 3933/1/6 3935/1/6
f 3938/1/6 3939/1/6 3940/1/6
f 3940/1/6 3939/1/6 3941/1/6
f 3936/2/6 3937/2/6 3942/2/6
f 3942/2/6 3937/2/6 3943/2/6
f 3944/1/6 3945/1/6 3946/1/6
f 3946/1/6 3945/1/6 3947/1/6
f 3948/1/6 3949/1/6 3950/1/6
f 3950/1/6 3949/1/6 3951/1/6
f 3952/1/6 3953/1/6 3955/1/6
f 3955/1/6 3953/1/6 3956/1/6
f 3954/2/6 3955/2/6 3957/2/6
f 3957/2/6 3955/2/6 3958/2/6
f 3959/1/6 3960/1/6 3961/1/6
f 3961/1/6 3960/1/6 3962/1/6
f 3963/1/6 3964/1/6 3965/1/6
f 3965/1/6 3964/1/6 3966/1/6
f 3967/1/6 3968/1/6 3969/1/6
f 3969/1/6 3968/1/6 3970/1/6
f 3971/1/6 3972/1/6 3973/1/6
f 3973/1/6 3972/1/6 3974/1/6
f 3975/1/6 3976/1/6 3977/1/6
f 3977/1/6 3976/1/6 3978/1/6
f 3979/1/6 3980/1/6 3981/1/6
f 3981/1/6 3980/1/6 3982/1/6
f 3983/2/6 3984/2/6 3985/2/6
f 3985/2/6 3984/2/6 3986/2/6
f 3987/1/6 3988/1/6 3989/1/6
f 3989/1/6 3988/1/6 3990/1/6
f 3991/1/6 3992/1/6 3995/1/6
f 3995/1/6 3992/1/6 3996/1/6
f 3993/1/6 3994/1/6 3997/1/6
f 3997/1/6 3994/1/6 3998/1/6
f 3999/1/6 4000/1/6 4001/1/6
f 4001/1/6 4000/1/6 4002/1/6
f 4007/1/6 4008/1/6 4009/1/6
f 4009/1/6 4008/1/6 4010/1/6
f 4003/4/6 4004/4/6 4011/4/6
f 4011/4/6 4004/4/6 4012/4/6
f 4005/3/6 4006/3/6 4013/3/6
f 4013/3/6 4006/3/6 4014/3/6
f 4014/3/6 4006/3/6 4015/3/6
f 4015/3/6 4006/3/6 4016/3/6
f 4012/4/6 4004/4/6 4019/4/6
f 4014/3/6 4015/3/6 4020/3/6
f 4020/3/6 4015/3/6 4021/3/6
f 4017/1/6 4018/1/6 4023/1/6
f 4023/1/6 4018/1/6 4024/1/6
f 4021/4/6 4022/4/6 4025/4/6
f 4019/4/6 4020/4/6 4025/4/6
f 4020/4/6 4021/4/6 4025/4/6
f 4019/4/6 4025/4/6 4028/4/6
f 4025/4/6 4026/4/6 4028/4/6
f 4026/2/6 4027/2/6 4029/2/6
f 4028/4/6 4026/4/6 4029/4/6
f 4029/2/6 4027/2/6 4030/2/6
f 4003/4/6 4011/4/6 4031/4/6
f 4031/4/6 4011/4/6 4032/4/6
f 4012/4/6 4019/4/6 4033/4/6
f 4019/4/6 4028/4/6 4033/4/6
f 4033/4/6 4028/4/6 4034/4/6
f 4035/1/6 4036/1/6 4037/1/6
f 4037/1/6 4036/1/6 4038/1/6
f 4039/1/6 4040/1/6 4041/1/6
f 4041/1/6 4040/1/6 4042/1/6
f 4043/1/6 4044/1/6 4045/1/6
f 4045/1/6 4044/1/6 4046/1/6
f 4047/1/6 4048/1/6 4049/1/6
f 4049/1/6 4048/1/6 4050/1/6
f 4051/1/6 4052/1/6 4055/1/6
f 4055/1/6 4052/1/6 4056/1/6
f 4053/2/6 4054/2/6 4057/2/6
f 4057/2/6 4054/2/6 4058/2/6
f 4059/1/6 4060/1/6 4061/1/6
f 4061/1/6 4060/1/6 4062/1/6
f 4063/1/6 4064/1/6 4065/1/6
f 4065/1/6 4064/1/6 4066/1/6
f 4067/6/6 4068/6/6 4073/6/6
f 4073/6/6 4068/6/6 4074/6/6
f 4069/6/6 4070/6/6 4075/6/6
f 4075/6/6 4070/6/6 4076/6/6
f 4071/6/6 4072/6/6 4079/6/6
f 4079/6/6 4072/6/6 4080/6/6
f 4077/6/6 4078/6/6 4081/6/6
f 4081/6/6 4078/6/6 4082/6/6
f 4083/6/6 4084/6/6 4087/6/6
f 4087/6/6 4084/6/6 4088/6/6
f 4085/6/6 4086/6/6 4089/6/6
f 4089/6/6 4086/6/6 4090/6/6
f 4091/2/6 4092/2/6 4093/2/6
f 4093/2/6 4092/2/6 4094/2/6
f 4095/2/6 4096/2/6 4097/2/6
f 4097/2/6 4096/2/6 4098/2/6
f 4099/5/6 4100/5/6 4105/5/6
f 4105/5/6 4100/5/6 4106/5/6
f 4101/5/6 4102/5/6 4107/5/6
f 4107/5/6 4102/5/6 4108/5/6
f 4103/5/6 4104/5/6 4111/5/6
f 4111/5/6 4104/5/6 4112/5/6
f 4109/5/6 4110/5/6 4113/5/6
f 4113/5/6 4110/5/6 4114/5/6
f 4115/5/6 4116/5/6 4119/5/6
f 4119/5/6 4116/5/6 4120/5/6
f 4117/5/6 4118/5/6 4121/5/6
f 4121/5/6 4118/5/6 4122/5/6
f 4123/2/6 4124/2/6 4125/2/6
f 4125/2/6 4124/2/6 4126/2/6
f 4127/2/6 4128/2/6 4129/2/6
f 4129/2/6 4128/2/6 4130/2/6
f 4131/2/6 4132/2/6 4133/2/6
f 4133/2/6 4132/2/6 4134/2/6
f 4135/1/6 4136/1/6 4139/1/6
f 4139/1/6 4136/1/6 4140/1/6
f 4137/1/6 4138/1/6 4141/1/6
f 4141/1/6 4138/1/6 4142/1/6
f 4143/2/6 4144/2/6 4145/2/6
f 4145/2/6 4144/2/6 4146/2/6
f 4147/1/6 4148/1/6 4151/1/6
f 4151/1/6 4148/1/6 4152/1/6
f 4149/1/6 4150/1/6 4153/1/6
f 4153/1/6 4150/1/6 4154/1/6
f 4155/2/6 4156/2/6 4157/2/6
f 4157/2/6 4156/2/6 4158/2/6
f 4159/4/6 4160/4/6 4163/4/6
f 4163/4/6 4160/4/6 4164/4/6
f 4161/4/6 4162/4/6 4165/4/6
f 4165/4/6 4162/4/6 4166/4/6
f 4167/4/6 4168/4/6 4171/4/6
f 4171/4/6 4168/4/6 4172/4/6
f 4169/4/6 4170/4/6 4173/4/6
f 4173/4/6 4170/4/6 4174/4/6
f 4175/1/6 4176/1/6 4179/1/6
f 4179/1/6 4176/1/6 4180/1/6
f 4177/1/6 4178/1/6 4181/1/6
f 4181/1/6 4178/1/6 4182/1/6
f 4183/2/6 4184/2/6 4185/2/6
f 4185/2/6 4184/2/6 4186/2/6
f 4187/4/6 4188/4/6 4192/4/6
f 4189/4/6 4190/4/6 4193/4/6
f 4191/4/6 4192/4/6 4195/4/6
f 4192/4/6 4188/4/6 4196/4/6
f 4195/4/6 4192/4/6 4196/4/6
f 4193/4/6 4194/4/6 4197/4/6
f 4189/4/6 4193/4/6 4197/4/6
f 4197/4/6 4194/4/6 4198/4/6
f 4199/4/6 4200/4/6 4203/4/6
f 4203/4/6 4200/4/6 4204/4/6
f 4201/4/6 4202/4/6 4205/4/6
f 4205/4/6 4202/4/6 4206/4/6
f 4204/4/6 4200/4/6 4207/4/6
f 4207/4/6 4200/4/6 4208/4/6
f 4201/4/6 4205/4/6 4209/4/6
f 4209/4/6 4205/4/6 4210/4/6
f 4211/1/6 4212/1/6 4213/1/6
f 4213/1/6 4212/1/6 4214/1/6
f 4215/2/6 4216/2/6 4219/2/6
f 4219/2/6 4216/2/6 4220/2/6
f 4217/4/6 4218/4/6 4224/4/6
f 4221/4/6 4222/4/6 4225/4/6
f 4223/4/6 4224/4/6 4227/4/6
f 4224/4/6 4218/4/6 4228/4/6
f 4227/4/6 4224/4/6 4228/4/6
f 4225/4/6 4226/4/6 4229/4/6
f 4221/4/6 4225/4/6 4229/4/6
f 4229/4/6 4226/4/6 4230/4/6
f 4231/4/6 4232/4/6 4235/4/6
f 4235/4/6 4232/4/6 4236/4/6
f 4233/4/6 4234/4/6 4237/4/6
f 4237/4/6 4234/4/6 4238/4/6
f 4236/4/6 4232/4/6 4239/4/6
f 4239/4/6 4232/4/6 4240/4/6
f 4233/4/6 4237/4/6 4241/4/6
f 4241/4/6 4237/4/6 4242/4/6
f 4243/4/6 4244/4/6 4245/4/6
f 4245/4/6 4244/4/6 4246/4/6
f 4246/4/6 4244/4/6 4247/4/6
f 4247/4/6 4244/4/6 4248/4/6
f 4246/3/6 4247/3/6 4250/3/6
f 4250/3/6 4247/3/6 4251/3/6
f 4250/3/6 4251/3/6 4253/3/6
f 4251/3/6 4252/3/6 4253/3/6
f 4249/3/6 4250/3/6 4253/3/6
f 4253/3/6 4252/3/6 4254/3/6
f 4254/3/6 4252/3/6 4255/3/6
f 4255/3/6 4252/3/6 4256/3/6
f 4254/3/6 4255/3/6 4257/3/6
f 4257/3/6 4255/3/6 4258/3/6
f 4259/6/6 4260/6/6 4263/6/6
f 4263/6/6 4260/6/6 4264/6/6
f 4261/6/6 4262/6/6 4265/6/6
f 4265/6/6 4262/6/6 4266/6/6
f 4267/6/6 4268/6/6 4271/6/6
f 4271/6/6 4268/6/6 4272/6/6
f 4269/6/6 4270/6/6 4273/6/6
f 4273/6/6 4270/6/6 4274/6/6
f 4275/6/6 4276/6/6 4279/6/6
f 4279/6/6 4276/6/6 4280/6/6
f 4277/6/6 4278/6/6 4281/6/6
f 4281/6/6 4278/6/6 4282/6/6
f 4283/6/6 4284/6/6 4287/6/6
f 4287/6/6 4284/6/6 4288/6/6
f 4285/6/6 4286/6/6 4291/6/6
f 4291/6/6 4286/6/6 4292/6/6
f 4289/6/6 4290/6/6 4293/6/6
f 4293/6/6 4290/6/6 4294/6/6
f 4295/1/6 4296/1/6 4299/1/6
f 4299/1/6 4296/1/6 4300/1/6
f 4297/1/6 4298/1/6 4301/1/6
f 4301/1/6 4298/1/6 4302/1/6
f 4303/1/6 4304/1/6 4307/1/6
f 4307/1/6 4304/1/6 4308/1/6
f 4305/1/6 4306/1/6 4309/1/6
f 4309/1/6 4306/1/6 4310/1/6
f 4308/1/6 4304/1/6 4311/1/6
f 4311/1/6 4304/1/6 4312/1/6
f 4305/1/6 4309/1/6 4313/1/6
f 4313/1/6 4309/1/6 4314/1/6
f 4315/1/6 4316/1/6 4317/1/6
f 4317/1/6 4316/1/6 4318/1/6
